clade_name	EFP1	EFP2	EFP3	EFP4	EK1	EK2	EK3	EK4	EHH1	EHH2	EHH3	EHH4	BM1	BM2	BM3	BM4	GS1	GS2	GS3	GS4	GN1
Arthrobacter	1.02315	4.2799	8.06325	6.70091	0.24319	0.03848	0.0	0.0	5.04054	0.10335	0.02632	0.09409	11.91972	22.80007	10.70084	2.97394	0.54538	3.02696	0.79508	0.18425	0.0
GGB35775	0.0	0.0	0.0	0.0	0.0	0.0	0.0	0.0	0.0	0.0	0.0	0.0	6.18981	5.0376	10.63237	4.55817	0.0	0.0	0.0	0.0	0.0
GGB53080	0.0	0.0	0.0	0.0	0.0	0.0	0.0	0.0	0.0	0.0	0.0	0.0	3.25037	3.95658	1.88665	1.66823	0.0	0.0	0.01347	0.09695	0.0
GGB81963	0.0	0.0	0.0	0.0	0.0	0.0	0.0	0.0	0.0	0.0	0.0	0.0	3.14955	1.10179	1.53288	2.97221	0.0	0.0	0.0	0.0	0.0
GGB74363	0.0	0.0	0.0	0.0	0.0	0.0	0.0	0.0	0.0	0.0	0.0	0.0	2.71777	2.49359	2.56429	1.10174	0.0	0.0	0.0	0.0	0.0
GGB81852	0.0	0.0	0.0	0.0	0.0	0.0	0.0	0.0	0.0	0.0	0.0	0.0	2.70896	0.0	2.98947	2.8605	0.0	0.0	0.0	0.0	0.0
GGB141963	0.0	0.0	0.0	0.0	0.0	0.0	0.0	0.0	0.0	0.0	0.0	0.0	2.63505	0.00014	2.38668	2.06586	0.0	0.0	0.0	0.0	0.0
GGB58277	0.0	0.0	0.0	0.0	0.0	0.0	0.0	0.0	0.0	0.0	0.0	0.0	2.10137	0.55461	1.01562	0.99781	0.0	0.00416	0.0672	0.05722	0.0
GGB50466	0.0	0.0	0.0	0.0	0.0	0.0	0.0	0.0	0.0	0.0	0.0	0.0	2.07578	0.09942	1.66316	0.15782	2.49693	0.0	0.0	0.0	0.0
GGB82872	0.0	0.0	0.0	0.0	0.0	0.0	0.0	0.0	0.0	0.0	0.0	0.0	1.66623	0.27178	0.0	0.0	0.0	0.0	0.0	0.0	0.0
GGB82828	0.0	0.0	0.0	0.0	0.0	0.0	0.0	0.0	0.0	0.0	0.0	0.0	1.439	0.3529	0.56958	0.28528	0.0	0.0	0.0	0.0	0.0
GGB81882	0.0	0.0	0.0	0.0	0.0	0.0	0.0	0.0	0.0	0.0	0.0	0.0	1.43454	0.09539	1.02658	0.0372	0.0	0.0	0.0	0.0	0.0
GGB81877	0.0	0.0	0.0	0.0	0.0	0.0	0.0	0.0	0.0	0.0	0.0	0.0	1.32306	0.0762	1.07498	0.77153	0.0	0.0	0.0	0.0	0.0
GGB141397	0.0	0.0	0.0	0.0	0.0	0.0	0.0	0.0	0.0	0.0	0.0	0.0	1.30134	0.09398	0.11035	1.6306	0.0	0.0	0.0	0.0	0.0
GGB56321	0.0	0.0	0.0	0.0	0.0	0.0	0.0	0.0	0.0	0.0	0.0	0.0	1.2844	1.09292	0.60448	1.47316	0.0	0.0	0.0	0.0	0.0
GGB24202	0.0	0.0	0.0	0.0	0.0	0.0	0.0	0.0	0.0	0.0	0.0	0.0	1.27383	2.03243	0.89984	0.07548	0.0	0.0	0.0	0.0	0.0
GGB81660	0.0	0.0	0.0	0.0	0.0	0.0	0.0	0.0	0.0	0.0	0.0	0.0	1.27136	0.67715	0.36492	0.74256	0.0	0.0	0.0	0.0	0.0
GGB81851	0.0	0.0	0.0	0.0	0.0	0.0	0.0	0.0	0.0	0.0	0.0	0.0	1.26243	0.01865	2.10656	0.95803	0.0	0.0	0.0	0.0	0.0
GGB37155	0.0	0.0	0.0	0.0	0.0	0.0	0.0	0.0	0.0	0.0	0.0	0.0	1.23255	0.1564	1.59076	1.2532	0.0	0.0	0.0	0.0	0.0
GGB81952	0.0	0.0	0.0	0.0	0.0	0.0	0.0	0.0	0.0	0.0	0.0	0.0	0.98109	3.39889	2.50184	1.70719	0.0	0.0	0.0	0.0	0.0
GGB82253	0.0	0.0	0.0	0.0	0.0	0.0	0.0	0.0	0.0	0.0	0.0	0.0	0.97172	0.24801	0.50441	0.50171	0.0	0.0	0.0	0.0	0.0
GGB50360	0.0	0.0	0.0	0.0	0.0	0.0	0.0	0.0	0.0	0.0	0.0	0.0	0.96932	0.29802	0.98445	1.82943	0.0	0.0	0.0	0.0	0.0
GGB84626	0.0	0.0	0.0	0.0	0.0	0.0	0.0	0.0	0.0	0.0	0.0	0.0	0.92424	0.35087	0.33183	0.82494	0.0	0.0	0.0	0.0	0.0
GGB50303	0.0	0.0	0.0	0.0	0.0	0.0	0.0	0.0	0.0	0.0	0.0	0.0	0.91345	1.59056	0.60452	0.07601	0.0	0.0	0.0	0.0	0.0
GGB39511	0.0	0.0	0.0	0.0	0.0	0.0	0.0	0.0	0.0	0.0	0.0	0.0	0.91013	1.55443	0.31543	0.3108	0.0	0.0	0.0	0.0	0.0
GGB68817	0.0	0.0	0.0	0.0	0.0	0.0	0.0	0.0	0.0	0.0	0.0	0.0	0.89631	1.11828	2.36376	0.2094	0.00144	0.00155	0.00047	0.0	0.0
GGB24796	0.0	0.0	0.0	0.0	0.0	0.0	0.0	0.0	0.0	0.0	0.0	0.0	0.85389	1.01722	1.71328	0.99413	0.0	0.0	0.0	0.0	0.0
GGB61862	0.0	0.0	0.0	0.0	0.0	0.0	0.0	0.0	0.0	0.0	0.0	0.0	0.85256	0.11941	1.55745	1.64013	0.0	0.28647	0.00655	0.06222	0.0
GGB81950	0.0	0.0	0.0	0.0	0.0	0.0	0.0	0.0	0.0	0.0	0.0	0.0	0.85019	0.91536	0.10673	0.08703	0.0	0.0	0.0	0.0	0.0
GGB84424	0.0	0.0	0.0	0.0	0.0	0.0	0.0	0.0	0.0	0.0	0.0	0.0	0.76672	0.09141	0.67913	1.89782	0.0	0.0	0.0	0.0	0.0
GGB82225	0.0	0.0	0.0	0.0	0.0	0.0	0.0	0.0	0.0	0.0	0.0	0.0	0.74326	0.64798	0.30335	0.07746	0.0	0.0	0.0	0.0	0.0
GGB143176	0.0	0.0	0.0	0.0	0.0	0.0	0.0	0.0	0.0	0.0	0.0	0.0	0.73074	0.05005	0.67709	0.0479	0.0	0.0	0.0	0.0	0.0
GGB61640	0.0	0.0	0.0	0.0	0.0	0.0	0.0	0.0	0.0	0.0	0.0	0.0	0.69815	0.4038	0.51621	0.31989	0.0	0.0	0.0	0.0	0.0
GGB81705	0.0	0.0	0.0	0.0	0.0	0.0	0.0	0.0	0.0	0.0	0.0	0.0	0.69685	1.10575	0.5566	0.68678	0.0	0.0	0.0	0.0	0.0
GGB70902	0.0	0.0	0.0	0.0	0.0	0.0	0.0	0.0	0.0	0.0	0.0	0.0	0.6954	0.29548	0.39515	1.06075	0.24213	0.30275	1.73001	1.20625	0.0
GGB81693	0.0	0.0	0.0	0.0	0.0	0.0	0.0	0.0	0.0	0.0	0.0	0.0	0.66884	0.82457	0.28686	0.24239	0.0	0.0	0.0	0.0	0.0
GGB81960	0.0	0.0	0.0	0.0	0.0	0.0	0.0	0.0	0.0	0.0	0.0	0.0	0.65425	0.0	0.611	0.17223	0.0	0.0	0.0	0.0	0.0
GGB74269	0.0	0.0	0.0	0.0	0.0	0.0	0.0	0.0	0.0	0.0	0.0	0.0	0.64792	0.5245	0.57888	0.71684	0.0	0.0	0.0	0.0	0.0
GGB82821	0.0	0.0	0.0	0.0	0.0	0.0	0.0	0.0	0.0	0.0	0.0	0.0	0.64019	0.08678	0.32015	0.50469	0.0	0.0	0.0	0.0	0.0
GGB50437	0.0	0.0	0.0	0.0	0.0	0.0	0.0	0.0	0.0	0.0	0.0	0.0	0.62872	0.00552	1.05671	0.38026	0.0	0.0	0.0	0.0	0.0
GGB81608	0.0	0.0	0.0	0.0	0.0	0.0	0.0	0.0	0.0	0.0	0.0	0.0	0.62186	1.52479	0.65238	2.13463	0.0	0.0	0.0	0.0	0.0
GGB81894	0.0	0.0	0.0	0.0	0.0	0.0	0.0	0.0	0.0	0.0	0.0	0.0	0.60122	0.06948	0.06606	0.01443	0.0	0.0	0.0	0.0	0.0
GGB81843	0.0	0.0	0.0	0.0	0.0	0.0	0.0	0.0	0.0	0.0	0.0	0.0	0.59847	0.69404	1.07402	4.4727	0.0	0.0	0.0	0.0	0.0
GGB81668	0.0	0.0	0.0	0.0	0.0	0.0	0.0	0.0	0.0	0.0	0.0	0.0	0.58075	0.65429	0.0	0.0011	0.0	0.0	0.0	0.0	0.0
GGB82269	0.0	0.0	0.0	0.0	0.0	0.0	0.0	0.0	0.0	0.0	0.0	0.0	0.56646	0.06463	0.24673	0.52459	0.0	0.0	0.0	0.0	0.0
GGB83343	0.0	0.0	0.0	0.0	0.0	0.0	0.0	0.0	0.0	0.0	0.0	0.0	0.55057	0.58392	0.02577	0.08109	0.0	0.0	0.0	0.0	0.0
GGB82863	0.0	0.0	0.0	0.0	0.0	0.0	0.0	0.0	0.0	0.0	0.0	0.0	0.54658	0.14846	0.10471	0.07425	0.0	0.0	0.0	0.0	0.0
GGB81846	0.0	0.0	0.0	0.0	0.0	0.0	0.0	0.0	0.0	0.0	0.0	0.0	0.54283	0.01519	0.41487	0.41129	0.0	0.0	0.0	0.0	0.0
GGB84425	0.0	0.0	0.0	0.0	0.0	0.0	0.0	0.0	0.0	0.0	0.0	0.0	0.53433	0.0256	0.33015	1.05522	0.0	0.0	0.0	0.0	0.0
GGB82250	0.0	0.0	0.0	0.0	0.0	0.0	0.0	0.0	0.0	0.0	0.0	0.0	0.53059	0.01126	0.16618	0.10532	0.0	0.0	0.0	0.0	0.0
GGB81965	0.0	0.0	0.0	0.0	0.0	0.0	0.0	0.0	0.0	0.0	0.0	0.0	0.52657	0.79115	0.32474	0.62828	0.0	0.0	0.0	0.0	0.0
GGB34404	0.0	0.0	0.0	0.0	0.0	0.0	0.0	0.0	0.0	0.0	0.0	0.0	0.52381	0.12831	0.0	0.0	0.0	0.0	0.0	0.0	0.0
GGB81717	0.0	0.0	0.0	0.0	0.0	0.0	0.0	0.0	0.0	0.0	0.0	0.0	0.51928	0.47697	0.3484	0.4523	0.0	0.0	0.0	0.0	0.0
GGB58482	0.0	0.0	0.0	0.0	0.0	0.0	0.0	0.0	0.0	0.0	0.0	0.0	0.51127	0.28953	0.20338	0.2357	0.0	0.0	0.0	0.0	0.0
GGB112676	0.0	0.0	0.0	0.0	0.0	0.0	0.0	0.0	0.0	0.0	0.0	0.0	0.50295	0.11375	0.24123	5.29544	0.0	0.0	0.0	0.0	0.0
GGB66982	0.0	0.0	0.0	0.0	0.0	0.0	0.0	0.0	0.0	0.0	0.0	0.0	0.48523	0.19919	0.57694	1.77489	0.0	0.0	0.0	0.0	0.0
GGB81856	0.0	0.0	0.0	0.0	0.0	0.0	0.0	0.0	0.0	0.0	0.0	0.0	0.48227	0.10522	0.18976	4.26043	0.0	0.0	0.0	0.0	0.0
GGB56398	0.0	0.0	0.0	0.0	0.0	0.0	0.0	0.0	0.0	0.0	0.0	0.0	0.47475	1.36602	0.6374	0.26081	0.0	0.0	0.0	0.0	0.0
GGB81880	0.0	0.0	0.0	0.0	0.0	0.0	0.0	0.0	0.0	0.0	0.0	0.0	0.46013	0.50238	0.0	0.26497	0.0	0.0	0.0	0.0	0.0
GGB82235	0.0	0.0	0.0	0.0	0.0	0.0	0.0	0.0	0.0	0.0	0.0	0.0	0.45789	2.08946	0.19266	1.31929	0.0	0.0	0.0	0.0	0.0
GGB81890	0.0	0.0	0.0	0.0	0.0	0.0	0.0	0.0	0.0	0.0	0.0	0.0	0.45181	0.09426	0.47196	0.41953	0.0	0.0	0.0	0.0	0.0
GGB81794	0.0	0.0	0.0	0.0	0.0	0.0	0.0	0.0	0.0	0.0	0.0	0.0	0.45093	0.64707	0.57581	0.20853	0.0	0.0	0.0	0.0	0.0
GGB83312	0.0	0.0	0.0	0.0	0.0	0.0	0.0	0.0	0.0	0.0	0.0	0.0	0.44569	0.06051	0.16338	0.33771	0.0	0.0	0.0	0.0	0.0
GGB40324	0.0	0.0	0.0	0.0	0.0	0.0	0.0	0.0	0.0	0.0	0.0	0.0	0.43278	0.07747	0.81735	0.8173	0.0	0.0	0.0	0.0	0.0
GGB81958	0.0	0.0	0.0	0.0	0.0	0.0	0.0	0.0	0.0	0.0	0.0	0.0	0.42918	0.08073	0.40678	0.68565	0.0	0.0	0.0	0.0	0.0
GGB84464	0.0	0.0	0.0	0.0	0.0	0.0	0.0	0.0	0.0	0.0	0.0	0.0	0.42139	0.0	0.1657	0.0	0.0	0.07478	0.0	0.0	0.0
GGB82170	0.0	0.0	0.0	0.0	0.0	0.0	0.0	0.0	0.0	0.0	0.0	0.0	0.41943	1.44862	0.61474	0.1661	0.0	0.0	0.0	0.0	0.0
GGB50180	0.0	0.0	0.0	0.0	0.0	0.0	0.0	0.0	0.0	0.0	0.0	0.0	0.41439	0.36789	1.16634	0.63355	0.0	0.0	0.0	0.0	0.0
GGB33490	0.0	0.0	0.0	0.0	0.0	0.0	0.0	0.0	0.0	0.0	0.0	0.0	0.39179	0.36482	0.38427	0.04811	0.0	0.0	0.0	0.0	0.0
GGB81701	0.0	0.0	0.0	0.0	0.0	0.0	0.0	0.0	0.0	0.0	0.0	0.0	0.36065	0.52019	0.44276	0.09083	0.0	0.0	0.0	0.0	0.0
GGB25304	0.0	0.0	0.0	0.0	0.0	0.0	0.0	0.0	0.0	0.0	0.0	0.0	0.35916	0.15162	0.14608	0.24625	0.0	0.0	0.0	0.0	0.0
GGB56461	0.0	0.0	0.0	0.0	0.0	0.0	0.0	0.0	0.0	0.0	0.0	0.0	0.35148	0.53046	0.45317	0.25876	1.12698	0.0	0.0	0.0	0.0
GGB82177	0.0	0.0	0.0	0.0	0.0	0.0	0.0	0.0	0.0	0.0	0.0	0.0	0.34822	0.0083	0.00423	0.0	0.0	0.0	0.0	0.0	0.0
GGB36256	0.0	0.0	0.0	0.0	0.0	0.0	0.0	0.0	0.0	0.0	0.0	0.0	0.34579	0.69621	0.22903	0.6548	0.0	0.0	0.0	0.0	0.0
GGB84716	0.0	0.0	0.0	0.0	0.0	0.0	0.0	0.0	0.0	0.0	0.0	0.0	0.34209	0.05401	0.35066	0.25612	0.0	0.0	0.0	0.0	0.0
GGB70823	0.0	0.0	0.0	0.0	0.0	0.0	0.0	0.0	0.0	0.0	0.0	0.0	0.33112	0.11838	0.25239	0.212	0.0	0.0	0.08136	0.36136	0.0
GGB56323	0.0	0.0	0.0	0.0	0.0	0.0	0.0	0.0	0.0	0.0	0.0	0.0	0.32516	0.67234	0.28068	0.17897	0.0	0.0	0.0	0.0	0.0
GGB84739	0.0	0.0	0.0	0.0	0.0	0.0	0.0	0.0	0.0	0.0	0.0	0.0	0.3169	0.11917	0.17267	0.7388	0.0	0.02115	0.0041	0.06332	0.0
GGB84844	0.0	0.0	0.0	0.0	0.0	0.0	0.0	0.0	0.0	0.0	0.0	0.0	0.31137	0.04599	0.02795	0.0	0.0	0.0	0.0	0.0	0.0
GGB56540	0.0	0.0	0.0	0.0	0.0	0.0	0.0	0.0	0.0	0.0	0.0	0.0	0.30453	0.48428	0.23788	0.0617	0.0	0.0	0.0	0.0	0.0
GGB40474	0.0	0.0	0.0	0.0	0.0	0.0	0.0	0.0	0.0	0.0	0.0	0.0	0.29641	0.34181	0.24715	0.67702	0.0	0.0	0.0	0.0	0.0
Escherichia	0.0	0.00188	0.00649	0.0	0.33591	0.0	0.0	0.0	0.0	0.0	0.11896	0.02711	0.29097	0.04998	0.79654	0.01879	0.11031	0.47708	0.35556	0.0	0.0
GGB84791	0.0	0.0	0.0	0.0	0.0	0.0	0.0	0.0	0.0	0.0	0.0	0.0	0.28369	0.16536	0.00157	0.0	0.0	0.0	0.0	0.0	0.0
GGB81841	0.0	0.0	0.0	0.0	0.0	0.0	0.0	0.0	0.0	0.0	0.0	0.0	0.27579	0.00499	1.20696	0.10098	0.0	0.0	0.0	0.0	0.0
GGB25406	0.0	0.0	0.0	0.0	0.0	0.0	0.0	0.0	0.0	0.0	0.0	0.0	0.27313	0.25027	0.26112	0.18999	0.0	0.0	0.0	0.0	0.0
GGB101199	0.0	0.0	0.0	0.0	0.0	0.0	0.0	0.0	0.0	0.0	0.0	0.0	0.27083	0.0	0.24439	0.33089	0.0	0.03297	0.0	0.46473	0.0
GGB61860	0.0	0.0	0.0	0.0	0.0	0.0	0.0	0.0	0.0	0.0	0.0	0.0	0.26669	0.10013	0.38352	0.5326	0.0	0.0	0.0	0.0	0.0
GGB35203	0.0	0.0	0.0	0.0	0.0	0.0	0.0	0.0	0.0	0.0	0.0	0.0	0.25713	1.15096	0.47644	0.228	0.0	0.0	0.0	0.0	0.0
GGB50148	0.0	0.0	0.0	0.0	0.0	0.0	0.0	0.0	0.0	0.0	0.0	0.0	0.25169	0.17147	0.25322	0.16135	0.0	0.0	0.0	0.0	0.0
GGB82163	0.0	0.0	0.0	0.0	0.0	0.0	0.0	0.0	0.0	0.0	0.0	0.0	0.24975	0.65443	0.33044	0.19053	0.0	0.0	0.0	0.0	0.0
GGB81871	0.0	0.0	0.0	0.0	0.0	0.0	0.0	0.0	0.0	0.0	0.0	0.0	0.24927	0.08201	0.13589	0.25199	0.0	0.0	0.0	0.0	0.0
GGB82220	0.0	0.0	0.0	0.0	0.0	0.0	0.0	0.0	0.0	0.0	0.0	0.0	0.24882	0.20445	0.19559	0.16323	0.0	0.0	0.0	0.0	0.0
GGB82190	0.0	0.0	0.0	0.0	0.0	0.0	0.0	0.0	0.0	0.0	0.0	0.0	0.24437	0.66334	0.0239	0.2378	0.0	0.0	0.0	0.0	0.0
GGB38298	0.0	0.0	0.0	0.0	0.0	0.0	0.0	0.0	0.0	0.0	0.0	0.0	0.24314	0.07608	0.12576	0.05457	1.12576	0.17625	0.11705	0.67194	0.0
GGB81685	0.0	0.0	0.0	0.0	0.0	0.0	0.0	0.0	0.0	0.0	0.0	0.0	0.23547	0.91204	0.33015	0.13033	0.0	0.0	0.0	0.0	0.0
GGB102691	0.0	0.0	0.0	0.0	0.0	0.0	0.0	0.0	0.0	0.0	0.0	0.0	0.23348	0.71288	0.63714	2.76848	0.0	0.0	0.0	0.0	0.0
GGB50173	0.0	0.0	0.0	0.0	0.0	0.0	0.0	0.0	0.0	0.0	0.0	0.0	0.23324	0.01312	0.22818	0.16509	0.0	0.0	0.0	0.0	0.0
GGB32528	0.0	0.0	0.0	0.0	0.0	0.0	0.0	0.0	0.0	0.0	0.0	0.0	0.22122	0.04323	0.19341	0.4547	0.48289	0.30914	0.58041	1.88523	0.0
GGB56465	0.0	0.0	0.0	0.0	0.0	0.0	0.0	0.0	0.0	0.0	0.0	0.0	0.20392	0.02134	0.19528	0.02236	0.0	0.0	0.11957	0.0	0.0
GGB84389	0.0	0.0	0.0	0.0	0.0	0.0	0.0	0.0	0.0	0.0	0.0	0.0	0.19684	0.0	0.08754	0.34887	0.0	0.0	0.0	0.0	0.0
GGB45557	0.0	0.0	0.0	0.0	0.0	0.0	0.0	0.0	0.0	0.0	0.0	0.0	0.19466	0.60523	0.24514	0.36328	0.0	0.15022	0.0	0.0	0.0
GGB82244	0.0	0.0	0.0	0.0	0.0	0.0	0.0	0.0	0.0	0.0	0.0	0.0	0.1922	0.73495	0.05784	0.0	0.0	0.0	0.0	0.0	0.0
GGB52905	0.0	0.0	0.0	0.0	0.0	0.0	0.0	0.0	0.0	0.0	0.0	0.0	0.18614	0.0	0.17388	0.22365	0.0	0.0	0.0	0.0	0.0
GGB58216	0.0	0.0	0.0	0.0	0.0	0.0	0.0	0.0	0.0	0.0	0.0	0.0	0.17424	0.20614	0.20469	0.28081	0.0	0.0	0.0	0.0	0.0
GGB140922	0.0	0.0	0.0	0.0	0.0	0.0	0.0	0.0	0.0	0.0	0.0	0.0	0.17378	1.28182	0.17774	1.07758	0.0	0.0	0.0	0.0	0.0
GGB82825	0.64383	2.0547	2.02143	4.5171	3.93336	7.31064	3.23149	1.79464	0.59894	0.53357	0.56459	0.90401	0.17298	0.0	0.12714	0.23773	0.0	0.0	0.0	0.0	0.0
GGB56405	0.0	0.0	0.0	0.0	0.0	0.0	0.0	0.0	0.0	0.0	0.0	0.0	0.17114	0.50734	0.22777	0.31186	0.0	0.0	0.0	0.0	0.0
GGB84831	0.0	0.0	0.0	0.0	0.0	0.0	0.0	0.0	0.00779	0.02151	0.03627	0.02943	0.17073	0.05594	0.14515	0.19495	0.0	0.0	0.00397	0.00458	0.0
GGB81665	0.0	0.0	0.0	0.0	0.0	0.0	0.0	0.0	0.0	0.0	0.0	0.0	0.16682	0.0	0.26503	0.01689	0.0	0.0	0.0	0.0	0.0
GGB34074	0.0	0.0	0.0	0.0	0.0	0.0	0.0	0.0	0.0	0.0	0.0	0.0	0.16522	0.07725	0.49608	0.16593	0.0	0.0	0.0	0.0	0.0
GGB50174	0.0	0.0	0.0	0.0	0.0	0.0	0.0	0.0	0.0	0.0	0.0	0.0	0.16279	0.16985	0.05737	0.0	0.0	0.0	0.0	0.0	0.0
GGB81891	0.0	0.0	0.0	0.0	0.0	0.0	0.0	0.0	0.0	0.0	0.0	0.0	0.16195	0.15548	0.06779	0.491	0.0	0.0	0.0	0.0	0.0
GGB81840	0.0	0.0	0.0	0.0	0.0	0.0	0.0	0.0	0.0	0.0	0.0	0.0	0.16158	0.00888	0.07398	0.08331	0.0	0.0	0.0	0.0	0.0
GGB81661	0.0	0.0	0.0	0.0	0.0	0.0	0.0	0.0	0.0	0.0	0.0	0.0	0.16147	0.05347	0.00403	0.0778	0.0	0.0	0.0	0.0	0.0
GGB56403	0.0	0.0	0.0	0.0	0.0	0.0	0.0	0.0	0.0	0.0	0.0	0.0	0.15042	0.05855	0.10701	0.08741	6.52373	1.5007	4.03618	2.05676	0.0
Microbacterium	0.0	0.0	0.0	0.0	0.0	0.0	0.0	0.0	0.01564	0.0	0.0	0.0	0.14734	0.14585	0.23818	0.08042	0.0	0.0	0.0	0.0	0.0
GGB70895	0.0	0.0	0.0	0.0	0.0	0.0	0.0	0.0	0.0	0.0	0.0	0.0	0.1438	0.44682	0.16635	0.04431	0.05893	0.0	0.0	0.0	0.0
GGB61858	0.0	0.0	0.0	0.0	0.0	0.0	0.0	0.0	0.0	0.0	0.0	0.0	0.14247	0.21983	0.24521	1.60042	0.0	0.0	0.0	0.0	0.0
GGB84840	0.0	0.0	0.0	0.0	0.0	0.0	0.0	0.0	0.0	0.0	0.0	0.0	0.13864	0.0725	0.14072	0.26161	0.0	0.0	0.0	0.0	0.0
GGB84362	0.0	0.0	0.0	0.0	0.0	0.0	0.0	0.0	0.0	0.0	0.0	0.0	0.13497	0.0	0.06306	0.26306	0.0	0.0	0.0	0.0	0.0
GGB82377	0.0	0.0	0.0	0.0	0.0	0.0	0.0	0.0	0.0	0.0	0.0	0.0	0.13139	0.0	0.11736	0.0	0.0	0.0	0.0	0.0	0.0
GGB35308	0.0	0.0	0.0	0.0	0.0	0.0	0.0	0.0	0.0	0.0	0.0	0.0	0.12947	0.00806	0.21081	0.04952	4.53641	1.51325	0.49299	0.87683	0.0
GGB82749	0.0	0.0	0.0	0.0	0.0	0.0	0.0	0.0	0.0	0.0	0.0	0.0	0.12912	0.07068	0.0979	0.03337	0.0	0.0	0.0	0.0	0.0
GGB57952	0.0	0.0	0.0	0.0	0.0	0.0	0.0	0.0	0.0	0.0	0.0	0.0	0.12907	0.00472	0.17315	0.23147	0.0	0.01008	0.00098	0.0	0.0
GGB51809	0.0	0.0	0.0	0.0	0.0	0.0	0.0	0.0	0.0	0.0	0.0	0.0	0.12764	0.05113	1.2459	0.32096	0.0	0.0	0.0	0.0	0.0
GGB56397	0.0	0.0	0.0	0.0	0.0	0.0	0.0	0.0	0.0	0.0	0.0	0.0	0.12728	0.4038	0.08946	0.05006	0.0	0.0	0.0	0.0	0.0
GGB41452	0.0	0.0	0.0	0.0	0.0	0.0	0.0	0.0	0.0	0.0	0.0	0.0	0.12179	0.41035	0.00642	0.28257	0.0	0.0	0.0	0.0	0.0
GGB83334	0.0	0.0	0.0	0.0	0.0	0.0	0.0	0.0	0.0	0.0	0.0	0.0	0.12167	0.01284	0.03718	0.0	0.0	0.0	0.0	0.0	0.0
GGB81670	0.0	0.0	0.0	0.0	0.0	0.0	0.0	0.0	0.0	0.0	0.0	0.0	0.11672	0.54554	0.78065	0.00675	0.0	0.0	0.0	0.0	0.0
GGB84418	0.0	0.0	0.0	0.0	0.0	0.0	0.0	0.0	0.0	0.0	0.0	0.0	0.11596	0.03441	0.08266	0.13529	0.0	0.0	0.0	0.0	0.0
GGB81878	0.0	0.0	0.0	0.0	0.0	0.0	0.0	0.0	0.0	0.0	0.0	0.0	0.11532	0.00924	0.0	0.0	0.0	0.0	0.0	0.0	0.0
GGB82183	0.0	0.0	0.0	0.0	0.0	0.0	0.0	0.0	0.0	0.0	0.0	0.0	0.11163	1.32584	0.53873	0.0	0.0	0.0	0.0	0.0	0.0
GGB82521	0.0	0.0	0.0	0.0	0.0	0.0	0.0	0.0	0.0	0.0	0.0	0.0	0.11135	0.0	0.1152	0.0	0.0	0.0	0.0	0.0	0.0
GGB82529	0.0	0.0	0.0	0.0	0.0	0.0	0.0	0.0	0.0	0.0	0.0	0.0	0.11046	0.37134	0.0	0.06757	0.10518	0.0	0.0	0.0	0.0
GGB84864	0.0	0.0	0.0	0.0	0.0	0.0	0.0	0.0	0.0	0.0	0.0	0.0	0.1074	0.0	0.10101	0.26681	0.0	0.0	0.0	0.0	0.0
GGB39801	0.0	0.0	0.0	0.0	0.0	0.0	0.0	0.0	0.0	0.0	0.0	0.0	0.10617	0.64357	0.1628	0.03618	0.0	0.0	0.0	0.08902	0.0
GGB30195	0.0	0.0	0.0	0.0	0.0	0.0	0.0	0.0	0.0	0.0	0.0	0.0	0.10566	0.10176	0.09644	0.03285	0.0	0.0	0.0	0.0	0.0
GGB56464	0.0	0.0	0.0	0.0	0.0	0.0	0.0	0.0	0.0	0.0	0.0	0.0	0.10257	0.0	0.14047	0.01655	5.12056	0.0	0.0	0.0	0.0
GGB84684	0.0	0.0	0.0	0.0	0.0	0.0	0.0	0.0	0.0	0.0	0.0	0.0	0.10131	0.0	0.0307	0.0	0.0	0.0	0.0	0.0	0.0
GGB35112	0.0	0.0	0.0	0.0	0.0	0.0	0.0	0.0	0.0	0.0	0.0	0.0	0.10114	0.08741	0.14424	0.15961	0.0	0.0	0.0	0.0	0.0
Peribacillus	0.0	0.0	0.0	0.0	0.11413	0.0	0.0	0.0	0.0	0.0	0.0	0.0	0.0941	0.45709	0.14171	0.01602	0.0	0.0	0.0	0.0	0.0
GGB58313	0.0	0.0	0.0	0.0	0.0	0.0	0.0	0.0	0.0	0.0	0.0	0.0	0.09395	0.01168	0.05493	0.14779	0.0	0.0	0.0	0.0	0.0
GGB83989	0.0	0.0	0.0	0.0	0.0	0.0	0.0	0.0	0.0	0.0	0.0	0.0	0.0922	0.0	0.07986	0.12157	0.0	1.35803	0.16313	0.0	0.0
GGB82491	0.0	0.0	0.0	0.0	0.0	0.0	0.0	0.0	0.0	0.0	0.0	0.0	0.09071	0.31683	0.08954	0.01024	0.0	0.0	0.0	0.0	0.0
GGB84635	0.0	0.0	0.0	0.0	0.0	0.0	0.0	0.0	0.0	0.0	0.0	0.0	0.08898	0.00174	0.03835	0.16679	0.0	0.0	0.0	0.00089	0.0
GGB81907	0.0	0.0	0.0	0.0	0.0	0.0	0.0	0.0	0.0	0.0	0.0	0.0	0.08708	0.22722	0.12004	0.06401	0.0	0.0	0.0	0.0	0.0
GGB25388	0.0	0.0	0.0	0.0	0.0	0.0	0.0	0.0	0.0	0.0	0.0	0.0	0.086	0.32889	0.05403	0.02882	0.0	0.0	0.0	0.0	0.0
GGB82270	0.0	0.0	0.0	0.0	0.0	0.0	0.0	0.0	0.0	0.0	0.0	0.0	0.08554	0.20299	0.20615	0.00372	0.0	0.0	0.0	0.0	0.0
GGB76882	0.0	0.0	0.0	0.0	0.0	0.0	0.0	0.0	0.0	0.0	0.0	0.0	0.08462	0.0	0.08269	0.131	0.0	0.0	0.0	0.0	0.0
GGB81708	0.0	0.0	0.0	0.0	0.0	0.0	0.0	0.0	0.0	0.0	0.0	0.0	0.08226	0.17336	0.28575	0.35862	0.0	0.0	0.0	0.0	0.0
GGB82494	0.0	0.0	0.0	0.0	0.0	0.0	0.0	0.0	0.0	0.0	0.0	0.0	0.08075	0.13774	0.97892	0.07471	0.0	0.0	0.0	0.0	0.0
GGB82248	0.0	0.0	0.0	0.0	0.0	0.0	0.0	0.0	0.0	0.0	0.0	0.0	0.08031	0.02738	0.07952	0.06284	0.0	0.0	0.0	0.0	0.0
GGB84836	0.0	0.0	0.0	0.0	0.0	0.0	0.0	0.0	0.0	0.0	0.0	0.0	0.07931	0.03174	0.00378	0.0008	0.0	0.0	0.0	0.0	0.0
GGB82221	0.0	0.0	0.0	0.0	0.0	0.0	0.0	0.0	0.0	0.0	0.0	0.0	0.07836	0.17895	0.22136	0.03089	0.0	0.0	0.0	0.0	0.0
GGB56396	0.0	0.0	0.0	0.0	0.0	0.0	0.0	0.0	0.0	0.0	0.0	0.0	0.07821	0.2041	0.06029	0.02791	0.1167	4.82818	0.62309	0.59776	0.0
GGB84603	0.0	0.0	0.0	0.0	0.0	0.0	0.0	0.0	0.0	0.0	0.0	0.0	0.07788	0.02322	0.04814	0.11283	0.0	0.0	0.0	0.0	0.0
GGB25269	0.0	0.0	0.0	0.0	0.0	0.0	0.0	0.0	0.0	0.0	0.0	0.0	0.07562	0.01783	0.01005	0.0116	0.0	0.0	0.0	0.0	0.0
GGB70634	0.0	0.0	0.0	0.0	0.0	0.0	0.0	0.0	0.0	0.0	0.0	0.0	0.07557	0.02788	0.0448	0.0	0.0	0.0	0.0	0.0	0.0
GGB81827	0.0	0.0	0.0	0.0	0.0	0.0	0.0	0.0	0.0	0.0	0.0	0.0	0.07396	0.13482	0.1061	0.05997	0.0	0.0	0.0	0.0	0.0
GGB82739	0.0	0.0	0.0	0.0	0.0	0.0	0.0	0.0	0.0	0.0	0.0	0.0	0.07356	0.0	0.01103	0.00321	0.0	0.0	0.0	0.0	0.0
GGB70561	0.0	0.0	0.0	0.0	0.0	0.0	0.0	0.0	0.0	0.0	0.0	0.0	0.07077	0.0	0.0	0.0	0.0	0.0	0.0	0.0	0.0
GGB81955	0.0	0.0	0.0	0.0	0.0	0.0	0.0	0.0	0.0	0.0	0.0	0.0	0.06678	0.00025	0.31045	0.76534	0.0	0.0	0.0	0.0	0.0
GGB81656	0.0	0.0	0.0	0.0	0.0	0.0	0.0	0.0	0.0	0.0	0.0	0.0	0.06664	0.03671	0.05276	0.05589	0.0	0.0	0.0	0.0	0.0
GGB69939	0.0	0.0	0.0	0.0	0.0	0.0	0.0	0.0	0.0	0.0	0.0	0.0	0.06207	0.28294	0.07718	0.15608	0.0	0.0	0.0	0.0	0.0
GGB79021	0.0	0.0	0.0	0.0	0.0	0.0	0.0	0.0	0.0	0.0	0.0	0.0	0.05918	0.00676	0.01928	0.0	0.0	0.0	0.0	0.0	0.0
GGB83930	0.0	0.0	0.0	0.0	0.0	0.0	0.0	0.0	0.0	0.0	0.0	0.0	0.05572	0.0	0.03322	0.03535	0.0	0.0	0.0	0.0	0.0
GGB79152	0.0	0.0	0.0	0.0	0.0	0.0	0.0	0.0	0.0	0.0	0.0	0.0	0.05562	0.0	0.0	0.0	0.0281	0.33573	0.20001	0.1196	0.0
GGB82456	0.0	0.0	0.0	0.0	0.0	0.0	0.0	0.0	0.0	0.0	0.0	0.0	0.0556	0.43781	0.34425	0.02022	0.0	0.0	0.0	0.0	0.0
GGB82528	0.0	0.0	0.0	0.0	0.0	0.0	0.0	0.0	0.0	0.0	0.0	0.0	0.0542	0.0	0.07961	0.06105	0.0	0.26371	0.42832	0.30128	0.0
GGB82753	0.0	0.0	0.0	0.0	0.0	0.0	0.0	0.0	0.0	0.0	0.0	0.0	0.05159	0.01944	0.0	0.0	0.0	5e-05	0.0044	0.01924	0.0
GGB85749	0.0	0.0	0.0	0.0	0.0	0.0	0.0	0.0	0.0	0.0	0.0	0.0	0.05031	0.09244	0.00202	0.0	0.0	0.0	0.0	0.0	0.0
GGB70897	0.0	0.0	0.0	0.0	0.0	0.0	0.0	0.0	0.0	0.0	0.0	0.0	0.04652	0.01666	0.10112	0.26557	1.64879	0.0	0.13409	0.0	0.0
GGB140701	0.0	0.0	0.0	0.0	0.0	0.0	0.0	0.0	0.0	0.0	0.0	0.0	0.04594	0.00698	0.06593	0.02977	0.0	0.0	0.0	0.0	0.0
GGB70892	0.0	0.0	0.0	0.0	0.0	0.0	0.0	0.0	0.0	0.0	0.0	0.0	0.0455	0.20091	0.05242	0.02888	0.0	0.0	0.0	0.07658	0.0
GGB61859	0.0	0.0	0.0	0.0	0.0	0.0	0.0	0.0	0.0	0.0	0.0	0.0	0.04381	0.0	0.04082	0.04581	0.0	0.0	0.0	0.0	0.0
GGB70732	0.0	0.0	0.0	0.0	0.0	0.0	0.0	0.0	0.0	0.0	0.0	0.0	0.04263	0.0	0.02724	0.01234	0.00222	0.00603	0.05359	0.02104	0.0
Psychrobacillus	0.01201	0.0	0.01878	0.0	0.56126	0.0	0.0	0.0	0.01451	0.0	0.0	0.0	0.0424	0.4216	0.04578	0.00505	0.0	0.00253	0.0	0.0	0.0
GGB63528	0.0	0.0	0.0	0.0	0.0	0.0	0.0	0.0	0.0	0.0	0.0	0.0	0.04217	0.12468	0.01938	0.00937	0.0	0.0	0.0	0.0	0.0
GGB114765	0.0	0.0	0.0	0.0	0.0	0.0	0.0	0.0	0.0	0.0	0.0	0.0	0.04183	0.0	0.06257	0.0	0.0	0.0	0.0	0.0	0.0
GGB101212	0.0	0.0	0.0	0.0	0.0	0.0	0.0	0.0	0.0	0.0	0.0	0.0	0.04042	0.01688	0.0	0.18794	0.0	0.0	0.0	0.0	0.0
GGB25880	0.0	0.0	0.0	0.0	0.0	0.0	0.0	0.0	0.0	0.0	0.0	0.0	0.03979	0.05679	0.01315	0.0	0.0	0.00382	0.00225	0.0	0.0
GGB25303	0.0	0.0	0.0	0.0	0.0	0.0	0.0	0.0	0.0	0.0	0.0	0.0	0.03978	0.08026	0.13655	0.83193	0.0	0.0	0.0	0.0	0.0
GGB82379	0.0	0.0	0.0	0.0	0.0	0.0	0.0	0.0	0.0	0.0	0.0	0.0	0.03883	0.0	0.02847	0.01582	0.0	0.0	0.0	0.0	0.0
GGB50028	0.0	0.0	0.0	0.0	0.0	0.0	0.0	0.0	0.0	0.0	0.0	0.0	0.03881	0.07686	0.02393	0.00152	0.0	0.0	0.0	0.0	0.0
GGB82746	0.0	0.0	0.0	0.0	0.0	0.0	0.0	0.0	0.0	0.0	0.0	0.0	0.03598	0.11799	0.04161	0.06455	0.12619	0.39065	0.12005	0.14535	0.0
GGB82279	0.0	0.0	0.0	0.0	0.0	0.0	0.0	0.0	0.0	0.0	0.0	0.0	0.0355	0.0	0.02268	0.00346	0.0	0.0	0.0	0.0	0.0
GGB58280	0.0	0.0	0.0	0.0	0.0	0.0	0.0	0.0	0.0	0.0	0.0	0.0	0.03539	0.00921	0.03778	0.00106	0.0	0.0	0.0	0.0	0.0
GGB68815	0.0	0.0	0.0	0.0	0.0	0.0	0.0	0.0	0.0	0.0	0.0	0.0	0.03402	0.04605	0.06817	0.31369	0.0	0.0	0.0	0.0	0.0
GGB81694	0.0	0.0	0.0	0.0	0.0	0.0	0.0	0.0	0.0	0.0	0.0	0.0	0.03362	2.23252	0.04736	0.04105	0.0	0.0	0.0	0.0	0.0
GGB29974	0.0	0.0	0.0	0.0	0.0	0.0	0.0	0.0	0.0	0.0	0.0	0.0	0.03356	0.0	0.0	0.0	0.0	0.0	0.0	0.0	0.0
GGB123497	0.0	0.0	0.0	0.0	0.0	0.0	0.0	0.0	0.0	0.0	0.0	0.0	0.03329	0.01618	0.02672	0.02371	0.00266	0.01024	0.00287	0.0001	0.0
GGB82397	0.0	0.0	0.0	0.0	0.0	0.0	0.0	0.0	0.0	0.0	0.0	0.0	0.03247	0.33256	0.04618	0.0	0.0	0.0	0.0	0.0	0.0
GGB82277	0.0	0.0	0.0	0.0	0.0	0.0	0.0	0.0	0.0	0.0	0.0	0.0	0.03115	0.02747	0.03218	0.01755	0.0	0.0	0.0	0.0	0.0
GGB82394	0.0	0.0	0.0	0.0	0.0	0.0	0.0	0.0	0.0	0.0	0.0	0.0	0.03115	0.0	0.15967	0.04838	0.0	0.0	0.0	0.0	0.0
GGB58271	0.0	0.0	0.0	0.0	0.0	0.0	0.0	0.0	0.0	0.0	0.0	0.0	0.02867	0.0285	0.03296	0.03242	0.04632	0.08303	0.10036	0.028	0.0
GGB82427	0.0	0.0	0.0	0.0	0.0	0.0	0.0	0.0	0.0	0.0	0.0	0.0	0.02797	0.09254	0.04776	0.01583	0.0	0.0	0.0	0.0	0.0
GGB81788	0.0	0.0	0.0	0.0	0.0	0.0	0.0	0.0	0.0	0.0	0.0	0.0	0.02686	0.0	0.0308	0.01451	0.0	0.0	0.0	0.0	0.0
GGB77293	0.0	0.0	0.0	0.0	0.0	0.0	0.0	0.0	0.0	0.0	0.0	0.0	0.02609	0.0	0.02127	0.03482	0.0	0.0	0.0	0.0	0.0
GGB81901	0.0	0.0	0.0	0.0	0.0	0.0	0.0	0.0	0.0	0.0	0.0	0.0	0.02573	0.0	0.01833	0.01888	0.0	0.0	0.0	0.0	0.0
GGB86669	0.0	0.0	0.0	0.0	0.0	0.0	0.0	0.0	0.0	0.0	0.0	0.0	0.02489	0.0352	0.02495	0.00114	0.0	0.0	0.0	0.0	0.0
GGB83300	0.0	0.0	0.0	0.0	0.0	0.0	0.0	0.0	0.0	0.0	0.0	0.0	0.02441	0.0	0.02522	0.03637	0.0	0.0	0.0	0.0	0.0
GGB58325	0.0	0.0	0.0	0.0	0.0	0.0	0.0	0.0	0.0	0.0	0.0	0.0	0.02317	0.0205	0.02887	0.0	0.0	0.0	0.0	0.0	0.0
GGB81828	0.0	0.0	0.0	0.0	0.0	0.0	0.0	0.0	0.0	0.0	0.0	0.0	0.02224	0.24119	0.0	0.0	0.0	0.0	0.0	0.0	0.0
GGB77689	0.0	0.0	0.0	0.0	0.0	0.0	0.0	0.0	0.0	0.0	0.0	0.0	0.02208	0.01614	0.01744	0.02911	0.15904	0.99409	0.5218	1.94619	0.0
GGB82908	0.0	0.0	0.0	0.0	0.0	0.0	0.0	0.0	0.0	0.0	0.0	0.0	0.02123	0.01869	0.04847	0.00821	0.0	0.0	0.0	0.0	0.0
GGB70498	0.0	0.0	0.0	0.0	0.0	0.0	0.0	0.0	0.0	0.0	0.0	0.0	0.02102	0.0	0.03973	0.02149	0.0	0.0	0.0	0.0	0.0
GGB84751	0.0	0.0	0.0	0.0	0.0	0.0	0.0	0.0	0.0	0.0	0.0	0.0	0.02088	0.0	0.03181	0.02731	0.0	0.0	0.0	0.0	0.0
GGB24203	0.0	0.0	0.0	0.0	0.0	0.0	0.0	0.0	0.0	0.0	0.0	0.0	0.02058	0.01734	0.58521	0.08289	0.0	0.0	0.0	0.0	0.0
GGB82490	0.0	0.0	0.0	0.0	0.0	0.0	0.0	0.0	0.0	0.0	0.0	0.0	0.02044	0.20295	0.01616	0.80251	0.0	0.0	0.0	0.0	0.0
GGB84446	0.0	0.0	0.0	0.0	0.0	0.0	0.0	0.0	0.0	0.0	0.0	0.0	0.02002	0.00881	0.03686	0.00128	0.0	0.0	0.0	0.0	0.0
GGB82569	0.00177	0.0	0.0	0.0	0.0	0.0	0.0	0.0	0.0	0.0	0.0	0.0	0.01998	0.0	0.01732	0.02564	0.0	0.0	0.0	0.0	0.0
GGB25407	0.0	0.0	0.0	0.0	0.0	0.0	0.0	0.0	0.0	0.0	0.0	0.0	0.01903	0.00115	0.01583	0.02425	0.0	0.0	0.0	0.0	0.0
GGB25378	0.0	0.0	0.0	0.0	0.0	0.0	0.0	0.0	0.0	0.0	0.0	0.0	0.01882	0.14546	0.01485	0.07604	0.0	0.0	0.0	0.0	0.0
GGB81666	0.0	0.0	0.0	0.0	0.0	0.0	0.0	0.0	0.0	0.0	0.0	0.0	0.01858	0.00562	0.0256	0.07824	0.0	0.0	0.0	0.0	0.0
GGB85025	0.0	0.0	0.0	0.0	0.0	0.0	0.0	0.0	0.0	0.0	0.0	0.0	0.01819	0.03863	0.01223	0.02677	0.0	0.00135	0.03436	0.0	0.0
GGB78708	0.0	0.0	0.0	0.0	0.0	0.0	0.0	0.0	0.0	0.0	0.0	0.0	0.01776	0.009	0.02376	0.12646	0.0	0.0	0.0	0.0	0.0
GGB81835	0.0	0.0	0.0	0.0	0.0	0.0	0.0	0.0	0.0	0.0	0.0	0.0	0.01722	0.01885	1.80841	4.24087	0.0	0.0	0.0	0.0	0.0
GGB83013	0.0	0.0	0.0	0.0	0.0	0.0	0.0	0.0	0.0	0.0	0.0	0.0	0.01716	0.04792	0.0	0.01987	0.0	0.0	0.0	0.0	0.0
GGB84383	0.0	0.0	0.0	0.0	0.0	0.0	0.0	0.0	0.0	0.0	0.0	0.0	0.01662	0.00584	0.01114	0.00744	0.0	0.00573	0.01619	0.0	0.0
GGB85388	0.0	0.0	0.0	0.0	0.0	0.0	0.0	0.0	0.0	0.0	0.0	0.0	0.01644	0.04541	0.07881	0.01983	0.0	0.0	0.0	0.0	0.0
GGB42447	0.0	0.0	0.0	0.0	0.0	0.0	0.0	0.0	0.0	0.0	0.0	0.0	0.01582	0.0	0.01117	0.13574	0.0	0.0	0.0	0.0	0.0
GGB25349	0.0	0.0	0.0	0.0	0.0	0.0	0.0	0.0	0.0	0.0	0.0	0.0	0.01523	0.02036	0.01861	0.00396	0.0	0.0	0.0	0.0	0.0
GGB102693	0.0	0.0	0.0	0.0	0.0	0.0	0.0	0.0	0.0	0.0	0.0	0.0	0.01509	0.0	0.01628	0.01488	0.0	0.0	0.0	0.0	0.0
GGB29939	0.0	0.0	0.0	0.0	0.0	0.0	0.0	0.0	0.0	0.0	0.0	0.0	0.01497	0.04939	0.02425	0.01493	0.0	0.0	0.0	0.0	0.0
GGB78711	0.0	0.0	0.0	0.0	0.0	0.0	0.0	0.0	0.0	0.0	0.0	0.0	0.01482	0.02937	0.00856	0.0	0.0	0.0	0.0	0.0	0.0
GGB70905	0.0	0.0	0.0	0.0	0.0	0.0	0.0	0.0	0.0	0.0	0.0	0.0	0.01471	0.04796	0.04449	0.01654	0.0	0.0	0.0	0.0	0.0
GGB54982	0.0	0.0	0.0	0.0	0.0	0.0	0.0	0.0	0.0	0.0	0.0	0.0	0.01463	0.14396	0.0202	0.01084	0.0	0.0	0.0	0.0	0.0
GGB79249	0.0	0.0	0.0	0.0	0.0	0.0	0.0	0.0	0.0	0.0	0.0	0.0	0.01411	0.01019	0.01038	0.01389	0.0	0.00182	0.00092	0.00093	0.0
GGB58278	0.0	0.0	0.0	0.0	0.0	0.0	0.0	0.0	0.0	0.0	0.0	0.0	0.01388	0.16511	0.03874	0.0	0.37583	0.76463	2.55053	0.62312	0.0
GGB84478	0.0	0.0	0.0	0.0	0.0	0.0	0.0	0.0	0.0	0.0	0.0	0.0	0.01386	0.0	0.01696	0.04219	0.0	0.0	0.0	0.0	0.0
GGB84455	0.0	0.0	0.0	0.0	0.0	0.0	0.0	0.0	0.0	0.0	0.0	0.0	0.01359	0.00257	0.00911	0.00892	0.0	0.0	0.0	0.0	0.0
GGB82556	0.0	0.0	0.0	0.0	0.0	0.0	0.0	0.0	0.0	0.0	0.0	0.0	0.01218	0.01562	0.0	0.0	0.0	0.0	0.0	0.0	0.0
GGB84719	0.0	0.0	0.0	0.0	0.0	0.0	0.0	0.0	0.0	0.0	0.0	0.0	0.01167	0.0	0.00719	0.20376	0.0	0.0	0.0	0.0	0.0
GGB78860	0.0	0.0	0.0	0.0	0.0	0.0	0.0	0.0	0.0	0.0	0.0	0.0	0.01155	0.02303	0.01585	0.00343	0.0	0.0	0.0	0.0	0.0
GGB49836	0.0	0.0	0.0	0.0	0.0	0.0	0.0	0.0	0.0	0.0	0.0	0.0	0.01118	0.0	0.04432	0.0	0.0	0.0	0.0	0.0	0.0
GGB83057	0.0	0.0	0.0	0.0	0.0	0.0	0.0	0.0	0.0	0.0	0.0	0.0	0.01111	0.0	0.02326	0.04415	0.0	0.0	0.0	0.0	0.0
GGB100702	0.0	0.0	0.0	0.0	0.0	0.0	0.0	0.0	0.0	0.0	0.0	0.0	0.01108	0.07853	0.01659	0.0	0.0	0.0	0.0	0.0	0.0
GGB60529	0.0	0.0	0.0	0.0	0.0	0.0	0.0	0.0	0.0	0.0	0.0	0.0	0.01095	0.0	0.0289	0.00527	0.0	0.0	0.0	0.0	0.0
GGB141532	0.0	0.0	0.0	0.0	0.0	0.0	0.0	0.0	0.0	0.0	0.0	0.0	0.01081	0.0021	0.00901	0.00728	0.24003	0.03576	0.0	0.0	0.0
GGB50346	73.91402	36.34321	17.68385	32.90434	50.70185	19.46938	47.95371	60.10622	61.03956	76.58318	63.02088	80.74096	0.01078	0.0	0.0	0.0	0.0	0.0	0.0	0.0	0.0
GGB29964	0.0	0.0	0.0	0.0	0.0	0.0	0.0	0.0	0.0	0.0	0.0	0.0	0.01077	0.00018	0.00195	0.00978	0.0	0.0	0.0	0.0	0.0
GGB142343	0.0	0.0	0.0	0.0	0.0	0.0	0.0	0.0	0.0	0.0	0.0	0.0	0.01035	0.0	0.00775	0.0036	0.0	0.0	0.0	0.0	0.0
GGB28491	0.0	0.0	0.0	0.0	0.0	0.0	0.0	0.0	0.0	0.0	0.0	0.0	0.01028	0.00491	0.00638	0.0	0.0	0.0	0.0	0.0	0.0
GGB79284	0.0	0.0	0.0	0.0	0.0	0.0	0.0	0.0	0.0	0.0	0.0	0.0	0.00995	0.0	0.01365	0.00928	0.0	0.13194	0.02165	1.19435	0.0
GGB83128	0.0	0.0	0.0	0.0	0.0	0.0	0.0	0.0	0.0	0.0	0.0	0.0	0.00956	0.0	0.00979	0.07163	0.0	0.0	0.0	0.0	0.0
GGB9259	0.0	0.0	0.0	0.0	0.0	0.0	0.0	0.0	0.0	0.0	0.0	0.0	0.00945	0.0	0.0335	0.00105	0.0	0.0	0.0	0.0	0.0
GGB82230	0.0	0.0	0.0	0.0	0.0	0.0	0.0	0.0	0.0	0.0	0.0	0.0	0.00871	8e-05	0.00483	0.00077	0.0	0.0	0.0	0.0	0.0
GGB84477	0.0	0.0	0.0	0.0	0.0	0.0	0.0	0.0	0.0	0.0	0.0	0.0	0.00864	0.0	0.00372	0.02508	0.0	0.0	0.0	0.0	0.0
GGB59017	0.0	0.0	0.0	0.0	0.0	0.0	0.0	0.0	0.0	0.0	0.0	0.0	0.00813	0.0	0.00579	0.00686	0.0	0.0	0.0	0.0	0.0
GGB101366	0.0	0.0	0.0	0.0	0.0	0.0	0.0	0.0	0.0	0.0	0.0	0.0	0.00809	0.0	0.01301	0.00552	0.0	3.40426	1.01027	1.11255	0.0
GGB82805	0.0	0.0	0.0	0.0	0.0	0.0	0.0	0.0	0.0	0.0	0.0	0.0	0.00806	0.00301	0.02312	0.01062	0.0	0.0	0.00802	0.23854	0.0
GGB114791	0.0	0.0	0.0	0.0	0.0	0.0	0.0	0.0	0.0	0.0	0.0	0.0	0.00766	0.0	0.0	0.01985	0.0	0.0	0.0	0.0	0.0
GGB142346	0.0	0.0	0.0	0.0	0.0	0.0	0.0	0.0	0.0	0.0	0.0	0.0	0.0071	0.1888	0.03401	0.0	0.0	0.0	0.0	0.0	0.0
GGB84039	0.0	0.0	0.0	0.0	0.0	0.0	0.0	0.0	0.0	0.0	0.0	0.0	0.00701	0.0188	0.0	0.0	0.0	0.0	0.0	0.0	0.0
GGB28312	0.0	0.0	0.0	0.0	0.0	0.0	0.0	0.0	0.0	0.0	0.0	0.0	0.00679	0.0	0.0	0.0	0.0	0.0	0.0	0.0	0.0
GGB84830	0.0	0.0	0.0	0.0	0.0	0.0	0.0	0.0	0.0	0.0	0.0	0.0	0.00672	0.006	0.0017	0.0	0.0	0.0	0.0	0.0	0.0
GGB70367	0.0	0.0	0.0	0.0	0.0	0.0	0.0	0.0	0.0	0.0	0.0	0.0	0.0067	0.00476	0.01067	0.01187	0.0	0.0	0.0	0.0	0.0
GGB82764	0.0	0.0	0.0	0.0	0.0	0.0	0.0	0.0	0.0	0.0	0.0	0.0	0.00666	0.0	0.00496	0.33488	0.0	0.0	0.02409	0.2237	0.0
GGB70574	0.0	0.0	0.0	0.0	0.0	0.0	0.0	0.0	0.0	0.0	0.0	0.0	0.0065	0.07541	0.01273	0.0	0.0	0.0	0.0	0.0	0.0
GGB82180	0.0	0.0	0.0	0.0	0.0	0.0	0.0	0.0	0.0	0.0	0.0	0.0	0.00617	0.06837	0.00244	0.0	0.0	0.0	0.0	0.0	0.0
GGB30191	0.0	0.0	0.0	0.0	0.0	0.0	0.0	0.0	0.0	0.0	0.0	0.0	0.00584	0.00244	0.00262	0.01643	0.0	0.0	0.0	0.0	0.0
GGB58275	0.0	0.0	0.0	0.0	0.0	0.0	0.0	0.0	0.0	0.0	0.0	0.0	0.00537	0.04535	0.00342	0.03102	0.0	0.0	0.02311	0.0	0.0
GGB126774	0.0	0.0	0.0	0.0	0.0	0.0	0.0	0.0	0.0	0.0	0.0	0.0	0.00536	0.00094	0.08786	0.17229	0.0	0.0	0.02083	0.0	0.0
GGB83374	0.0	0.0	0.0	0.0	0.0	0.0	0.0	0.0	0.0	0.0	0.0	0.0	0.00522	0.0	0.07005	0.12911	0.0	0.0	0.0	0.0	0.0
GGB85087	0.0	0.0	0.0	0.0	0.0	0.0	0.0	0.0	0.0	0.0	0.0	0.0	0.00499	0.0	0.00969	0.01619	0.0	0.0	0.0	0.0	0.0
GGB85727	0.0	0.0	0.0	0.0	0.0	0.0	0.0	0.0	0.0	0.0	0.0	0.0	0.00493	0.01931	0.00931	0.01668	0.0	0.0	0.0	0.0	0.0
GGB70633	0.0	0.0	0.0	0.0	0.0	0.0	0.0	0.0	0.0	0.0	0.0	0.0	0.00484	0.01748	0.00675	0.00338	0.0	0.0	0.0	0.0	0.0
GGB70613	0.0	0.0	0.0	0.0	0.0	0.0	0.0	0.0	0.0	0.0	0.0	0.0	0.00472	0.0	0.00235	0.00062	0.0	0.22234	0.08523	0.0	0.0
GGB52899	0.0	0.0	0.0	0.0	0.0	0.0	0.0	0.0	0.0	0.0	0.0	0.0	0.00429	0.00113	0.00347	0.00123	0.0	0.0	0.0	0.0	0.0
GGB83875	0.0	0.0	0.0	0.0	0.0	0.0	0.0	0.0	0.0	0.0	0.0	0.0	0.00389	0.0	0.00233	0.0	0.0	0.0	0.0	0.0	0.0
Rhodococcus	0.10465	0.01596	0.03041	0.02384	0.0	0.0	0.0	0.0	0.00895	0.0	0.0	0.0	0.00385	0.0	0.00481	0.0	0.0	0.0	0.0	0.0	0.0
GGB84857	0.0	0.0	0.0	0.0	0.0	0.0	0.0	0.0	0.0	0.0	0.0	0.0	0.00381	0.00102	0.04527	0.00915	0.0	0.0	0.0	0.0	0.0
GGB58287	0.0	0.0	0.0	0.0	0.0	0.0	0.0	0.0	0.0	0.0	0.0	0.0	0.00375	0.6663	0.01426	0.00946	0.0	0.0	0.57565	0.0	0.0
GGB84395	0.0	0.0	0.0	0.0	0.0	0.0	0.0	0.0	0.0	0.0	0.0	0.0	0.00296	0.0	0.20573	0.01314	0.0	0.0	0.0	0.0	0.0
GGB82169	0.0	0.0	0.0	0.0	0.0	0.0	0.0	0.0	0.0	0.0	0.0	0.0	0.00285	0.01945	0.00177	0.04192	0.0	0.0	0.0	0.0	0.0
GGB86553	0.0	0.0	0.0	0.0	0.0	0.0	0.0	0.0	0.0	0.0	0.0	0.0	0.00275	0.00373	0.00053	0.01728	0.08487	0.02311	0.01763	0.00619	0.0
GGB83861	0.0	0.0	0.0	0.0	0.0	0.0	0.0	0.0	0.0	0.0	0.0	0.0	0.00248	0.0	0.00612	0.0	0.0	0.0	0.0	0.0	0.0
Eubacteriales_unclassified	0.0	0.0	0.0	0.0	0.0	0.0	0.0	0.0	0.0	0.0	0.0	0.0	0.00236	0.01227	0.00331	0.0	0.0	0.0	0.0	0.0	0.0
GGB70639	0.0	0.0	0.0	0.0	0.0	0.0	0.0	0.0	0.0	0.0	0.0	0.0	0.00231	0.00087	0.0	0.0	0.0	0.0	0.02891	0.09214	0.0
GGB28203	0.0	0.0	0.0	0.0	0.0	0.0	0.0	0.0	0.0	0.0	0.0	0.0	0.00223	0.0	0.0	0.0	0.0	0.0	0.0	0.0	0.0
GGB84548	0.0	0.0	0.0	0.0	0.0	0.0	0.0	0.0	0.0	0.0	0.0	0.0	0.00176	0.02326	0.0	0.0	0.0	0.0	0.0	0.0	0.0
GGB70591	0.0	0.0	0.0	0.0	0.0	0.0	0.0	0.0	0.0	0.0	0.0	0.0	0.00139	0.00359	0.0038	0.00244	0.01713	0.1002	0.05528	0.11932	0.0
Solibacillus	0.0	0.0	0.06266	0.0	0.42571	0.0	0.0	0.0	0.0	0.0	0.0	0.0	0.00135	0.0385	0.00191	0.0	0.0	0.00357	0.00095	0.0	0.0
GGB79177	0.0	0.0	0.0	0.0	0.0	0.0	0.0	0.0	0.0	0.0	0.0	0.0	0.00122	0.00549	0.00223	0.00398	0.0	0.0	0.0	0.0	0.0
GGB81707	0.0	0.0	0.0	0.0	0.0	0.0	0.0	0.0	0.0	0.0	0.0	0.0	0.00121	0.01663	0.0	0.01061	0.0	0.0	0.0	0.0	0.0
Georgenia	0.0	0.0	0.0	0.0	0.0	0.0	0.0	0.0	0.00013	0.0	0.0	0.0	0.0012	0.0	0.0	0.0	0.00457	0.03156	0.03737	0.00896	0.0
GGB79187	0.0	0.0	0.0	0.0	0.0	0.0	0.0	0.0	0.0	0.0	0.0	0.0	0.00115	0.004	0.0	0.0	0.0	0.0	0.00059	0.00014	0.0
GGB56392	0.0	0.0	0.0	0.0	0.0	0.0	0.0	0.0	0.0	0.0	0.0	0.0	0.00111	0.0139	0.01973	0.00252	0.0	0.0	0.0	0.0	0.0
GGB55380	0.0	0.0	0.0	0.0	0.0	0.0	0.0	0.0	0.0	0.0	0.0	0.0	0.00107	0.02079	0.00159	0.0	0.01163	0.13137	0.11224	0.08728	0.0
GGB27182	0.0	0.0	0.0	0.0	0.0	0.0	0.0	0.0	0.0	0.0	0.0	0.0	0.00107	0.01975	0.00938	0.0	0.0	0.0	0.0	0.0	0.0
GGB70609	0.0	0.0	0.0	0.0	0.0	0.0	0.0	0.0	0.0	0.0	0.0	0.0	0.00103	0.0	0.00181	0.0	0.01421	0.00852	0.00257	0.0	0.0
GGB38959	0.0	0.0	0.0	0.0	0.0	0.0	0.0	0.0	0.0	0.0	0.0	0.0	0.00102	0.02692	0.01594	0.0	0.0	0.0	0.0	0.0	0.0
GGB70419	0.0	0.0	0.0	0.0	0.0	0.0	0.0	0.0	0.0	0.0	0.0	0.0	0.00093	0.27099	0.08895	0.65539	0.0	0.0	1.49597	0.6563	0.0
GGB79081	0.0	0.0	0.0	0.0	0.0	0.0	0.0	0.0	0.0	0.0	0.0	0.0	0.00084	0.00407	0.001	0.00031	0.00418	0.02836	0.00873	0.00428	0.0
Acinetobacter	0.35588	0.0	0.0	0.0	0.0	0.0	0.0	0.0	0.0	0.0	0.0	0.0	0.00078	0.0	0.00794	0.00134	0.0	0.0	0.0	0.0	0.0
GGB58165	0.0	0.0	0.0	0.0	0.0	0.0	0.0	0.0	0.0	0.0	0.0	0.0	0.00077	0.0	0.00584	0.0	0.01867	0.34278	0.09109	0.20887	0.0
GGB30596	0.0	0.0	0.0	0.0	0.0	0.0	0.0	0.0	0.0	0.0	0.0	0.0	0.00066	0.0	0.0	0.0	0.0	0.0	0.0	0.0	0.0
GGB60530	0.0	0.0	0.0	0.0	0.0	0.0	0.0	0.0	0.0	0.0	0.0	0.0	0.00065	0.0	0.0	0.00543	0.0	0.01004	0.0	0.0	0.0
GGB87449	0.0	0.0	0.0	0.0	0.0	0.0	0.0	0.0	0.0	0.0	0.0	0.0	0.00061	0.0	0.0	0.0	0.0	0.0	0.0	0.0	0.0
GGB82757	0.0	0.0	0.0	0.0	0.0	0.0	0.0	0.0	0.0	0.0	0.0	0.0	0.00058	0.00145	0.0	0.0	0.0	0.0	0.10394	0.02947	0.0
GGB70392	0.0	0.0	0.0	0.0	0.0	0.0	0.0	0.0	0.0	0.0	0.0	0.0	0.00049	0.01789	0.00561	0.00573	0.01829	0.05913	0.00822	0.01012	0.0
GGB69941	0.0	0.0	0.0	0.0	0.0	0.0	0.0	0.0	0.0	0.0	0.0	0.0	0.00033	0.03372	0.01768	0.00862	0.0255	0.0	0.0	0.0	0.0
GGB28494	0.0	0.0	0.0	0.0	0.0	0.0	0.0	0.0	0.0	0.0	0.0	0.0	0.0003	0.0	0.00977	0.0	0.0	0.0	0.0	0.0	0.0
GGB30642	0.0	0.0	0.0	0.0	0.0	0.0	0.0	0.0	0.0	0.0	0.0	0.0	0.0003	0.0	0.00369	0.00072	0.0	0.0	0.0	0.0	0.0
GGB25283	0.0	0.0	0.0	0.0	0.87774	3.1129	0.60433	0.53968	0.0	0.0	0.0	0.0	0.00029	0.0	0.00023	0.00223	0.0	0.0	0.0	0.0	0.0
GGB81718	0.0	0.0	0.0	0.0	0.0	0.0	0.0	0.0	0.0	0.0	0.0	0.0	0.0002	0.06736	0.0	0.0	0.0	0.0	0.0	0.0	0.0
GGB16302	0.0	0.0	0.0	0.0	0.0	0.0	0.0	0.0	0.0	0.0	0.0	0.0	0.00016	0.0	0.01682	0.0	0.0	0.0	0.0	0.0	0.0
Selenomonas	0.0	0.0	0.0	0.0	0.0	0.0	0.0	0.0	0.0	0.0	0.0	0.0	0.00016	0.0	0.0	0.0	0.0	0.0	0.0	0.0	0.0
Oscillospiraceae_unclassified	0.0	0.0	0.0	0.0	0.0	0.0	0.0	0.0	0.0	0.0	0.0	0.0	0.00014	0.0	0.00011	0.0	0.0	0.0	0.0	0.0	0.0
GGB41245	0.0	0.0	0.0	0.0	0.0	0.0	0.0	0.0	0.0	0.0	0.0	0.0	0.0	1.88371	1.89596	1.55625	0.0	0.0	0.0	0.0	0.0
GGB70901	0.0	0.0	0.0	0.0	0.0	0.0	0.0	0.0	0.0	0.0	0.0	0.0	0.0	0.2327	0.0	0.0	0.0	0.0	0.0	0.0	0.0
GGB81579	0.0	0.0	0.0	0.0	0.0	0.0	0.0	0.0	0.0	0.0	0.0	0.0	0.0	0.19836	0.0	0.0	0.0	0.0	0.0	0.0	0.0
GGB84130	0.0	0.0	0.0	0.0	0.0	0.0	0.0	0.0	0.0	0.0	0.0	0.0	0.0	0.09689	0.0	0.0	0.0	0.0	0.0	0.0	0.0
GGB50350	0.0	0.0	0.0	0.0	0.0	0.0	0.0	0.0	0.0	0.0	0.0	0.0	0.0	0.09539	0.0	0.0	0.0	0.0	0.0	0.0	0.0
GGB81943	0.0	0.0	0.0	0.0	0.0	0.0	0.0	0.0	0.0	0.0	0.0	0.0	0.0	0.05173	0.0	0.0	1.60097	0.0	0.0	0.0	0.0
GGB70580	0.0	0.0	0.0	0.0	0.0	0.0	0.0	0.0	0.0	0.0	0.0	0.0	0.0	0.04515	0.03859	0.00957	0.0	0.24354	0.08699	0.0	0.0
GGB30795	0.0	0.0	0.0	0.0	0.0	0.0	0.0	0.0	0.0	0.0	0.0	0.0	0.0	0.04111	0.0	0.0	0.0	0.0	0.0	0.0	0.0
GGB83871	0.0	0.0	0.0	0.0	0.0	0.0	0.0	0.0	0.0	0.0	0.0	0.0	0.0	0.03484	0.0	0.0	0.0	0.0	0.0	0.0	0.0
GGB28282	0.0	0.0	0.0	0.0	0.0	0.0	0.0	0.0	0.0	0.0	0.0	0.0	0.0	0.02658	0.0	0.0	0.0	0.0	0.0	0.0	0.0
GGB81796	0.0	0.0	0.0	0.0	0.0	0.0	0.0	0.0	0.0	0.0	0.0	0.0	0.0	0.02555	0.0	0.0	0.0	0.0	0.0	0.0	0.0
GGB69938	0.0	0.0	0.0	0.0	0.0	0.0	0.0	0.0	0.0	0.0	0.0	0.0	0.0	0.02275	0.00227	0.0031	0.0	0.0	0.0	0.0	0.0
GGB126988	0.0	0.0	0.0	0.0	0.0	0.0	0.0	0.0	0.0	0.0	0.0	0.0	0.0	0.02193	0.0	0.0	0.0	0.0	0.0	0.0	0.0
GGB86535	0.0	0.0	0.0	0.0	0.0	0.0	0.0	0.0	0.0	0.0	0.0	0.0	0.0	0.01691	0.0	0.01187	0.0	0.0	0.0	0.0	0.0
GGB29169	0.0	0.0	0.0	0.0	0.0	0.0	0.0	0.0	0.0	0.0	0.0	0.0	0.0	0.01346	0.0	0.0	0.0	0.0	0.0	0.0	0.0
Methanobrevibacter	0.0	0.0	0.00291	0.0	0.0	0.0	0.01033	0.29637	0.0	0.0	0.0	0.0	0.0	0.0128	0.0	0.0	0.0	0.0	0.0	0.0	0.0
Aristaeella	0.0	0.0	0.0	0.0	0.0	0.0	0.0	0.0	0.0	0.0	0.0	0.0	0.0	0.01227	0.00246	0.0	0.0	0.0	0.0	0.0	0.0
GGB32882	0.0	0.0	0.0	0.0	0.0	0.0	0.0	0.0	0.0	0.0	0.0	0.0	0.0	0.01149	0.0	0.0	0.0	0.0	0.0	0.0	0.0
Carnobacterium	0.0	0.0	0.0	0.0	0.0	0.0	0.0	0.0	0.0	0.0	0.0	0.0	0.0	0.01125	0.0	0.0	0.0	0.0	0.0	0.0	0.0
GGB82426	0.0	0.0	0.0	0.0	0.0	0.0	0.0	0.0	0.0	0.0	0.0	0.0	0.0	0.01111	0.00266	0.02321	0.0	0.0	0.0	0.0	0.0
GGB86358	0.0	0.0	0.0	0.0	0.0	0.0	0.0	0.0	0.0	0.0	0.0	0.0	0.0	0.01074	0.0	0.0	0.0	0.0	0.0	0.0	0.0
GGB30740	0.0	0.0	0.0	0.0	0.0	0.0	0.0	0.0	0.0	0.0	0.0	0.0	0.0	0.01054	0.0	0.0	0.0	0.0	0.0	0.0	0.0
GGB84065	0.0	0.0	0.0	0.0	0.0	0.0	0.0	0.0	0.0	0.0	0.0	0.0	0.0	0.01018	0.00104	0.002	0.0	0.0182	0.0	0.0	0.0
Sarcina	0.0	0.0	0.0	0.0	0.0	0.0	0.0	0.0	0.0	0.0	0.0	0.0	0.0	0.0098	0.0004	0.0	0.0	0.0	0.0	0.0	0.0
GGB77291	0.0	0.0	0.0	0.0	0.0	0.0	0.0	0.0	0.0	0.0	0.0	0.0	0.0	0.00977	0.0	0.0	0.0	0.0	0.04276	0.00336	0.0
GGB83697	0.0	0.0	0.0	0.0	0.0	0.0	0.0	0.0	0.0	0.0	0.0	0.0	0.0	0.00916	0.0	0.0	0.0	0.0	0.0	0.0	0.0
GGB48085	0.0	0.0	0.0	0.0	0.0	0.0	0.0	0.0	0.0	0.0	0.0	0.0	0.0	0.0091	0.0	0.0	0.0	0.0	0.0	0.0	0.0
GGB79272	0.0	0.0	0.0	0.0	0.0	0.0	0.0	0.0	0.0	0.0	0.0	0.0	0.0	0.00762	0.0	0.0	0.0	0.0	0.13706	0.0	0.0
GGB85706	0.0	0.0	0.0	0.0	0.0	0.0	0.0	0.0	0.0	0.0	0.0	0.0	0.0	0.00734	0.0	0.0	0.0	0.0	0.0	0.0	0.0
Paenibacillus	0.0	0.0	0.0	0.0	0.0607	0.0	0.0	0.0	0.0	0.0	0.0	0.0	0.0	0.00714	0.0	0.0	0.0	0.0	0.0	0.0	0.0
GGB85277	0.0	0.0	0.0	0.0	0.0	0.0	0.0	0.0	0.0	0.0	0.0	0.0	0.0	0.00677	0.00149	0.0	0.0	0.0	0.0	0.0	0.0
GGB83665	0.0	0.0	0.0	0.0	0.0	0.0	0.0	0.0	0.0	0.0	0.0	0.0	0.0	0.00658	0.0	0.0	0.0	0.0	0.0	0.0	0.0
GGB89103	0.0	0.0	0.0	0.0	0.0	0.0	0.0	0.0	0.0	0.0	0.0	0.0	0.0	0.00591	0.0	0.0	0.0	0.0	0.0	0.0	0.0
Bacillus	0.0	0.0	0.0	0.0	0.0	0.0	0.0	0.0	0.0	0.0	0.0	0.0	0.0	0.00542	0.0	0.0	0.00115	0.00926	0.01157	0.0	0.0
GGB87098	0.0	0.0	0.0	0.0	0.0	0.0	0.0	0.0	0.0	0.0	0.0	0.0	0.0	0.0053	0.0	0.0	0.0	0.0	0.0	0.0	0.0
GGB29038	0.0	0.0	0.0	0.0	0.0	0.0	0.0	0.0	0.0	0.0	0.0	0.0	0.0	0.00524	0.00063	0.0	0.0	0.0	0.0	0.0	0.0
GGB60345	0.0	0.0	0.0	0.0	0.0	0.0	0.0	0.0	0.0	0.0	0.0	0.0	0.0	0.0051	0.0	0.19892	0.0	0.0	0.0	0.0	0.0
GGB79259	0.0	0.0	0.0	0.0	0.0	0.0	0.0	0.0	0.0	0.0	0.0	0.0	0.0	0.00494	0.0049	0.00104	0.0	0.0	0.0	0.0	0.0
Pradoshia	0.0	0.0	0.0	0.0	0.0	0.0	0.0	0.0	0.0	0.0	0.0	0.0	0.0	0.0045	0.0	0.0	0.0	0.0	0.0	0.0	0.0
GGB58274	0.0	0.0	0.0	0.0	0.0	0.0	0.0	0.0	0.0	0.0	0.0	0.0	0.0	0.00438	0.00145	0.00028	0.0228	0.11769	0.18007	0.02485	0.0
GGB128466	0.0	0.0	0.0	0.0	0.0	0.0	0.0	0.0	0.0	0.0	0.0	0.0	0.0	0.00433	0.0	0.0	0.0	0.00331	0.0	0.0	0.0
Cutibacterium	0.0	0.0	0.0	0.0	0.0	0.0	0.0	0.0	0.0	0.0	0.0	0.0	0.0	0.004	0.0	0.0	0.0	0.0	0.0	0.0	0.0
GGB81791	0.0	0.0	0.0	0.0	0.0	0.0	0.0	0.0	0.0	0.0	0.0	0.0	0.0	0.00375	0.0	0.00063	0.0	0.0	0.0	0.0	0.0
GGB70772	0.0	0.0	0.0	0.0	0.0	0.0	0.0	0.0	0.0	0.0	0.0	0.0	0.0	0.00363	0.0	0.0	0.0	0.0	0.0	0.0	0.0
Staphylococcus	0.0	0.0	0.0	0.0	0.0	0.0	0.0	0.0	0.0	0.0	0.0	0.0	0.0	0.00326	0.0	0.0	0.0	0.0	0.0	0.0	0.0
GGB81899	0.0	0.0	0.0	0.0	0.0	0.0	0.0	0.0	0.0	0.0	0.0	0.0	0.0	0.00309	0.0	0.0	0.0	0.0	0.0	0.0	0.0
GGB58321	0.0	0.0	0.0	0.0	0.0	0.0	0.0	0.0	0.0	0.0	0.0	0.0	0.0	0.00306	0.0	0.0	0.0	0.0	0.0	0.0	0.0
GGB30639	0.0	0.0	0.13368	0.0	0.0	0.0	0.0	0.0	0.0	0.0	0.0	0.0	0.0	0.00293	0.00504	0.0	0.0	0.0	0.0	0.0	0.0
GGB79094	0.0	0.0	0.0	0.0	0.0	0.0	0.0	0.0	0.0	0.0	0.0	0.0	0.0	0.00269	0.0	0.00024	0.00445	0.00915	0.00577	0.00297	0.0
GGB58147	0.0	0.0	0.0	0.0	0.0	0.0	0.0	0.0	0.0	0.0	0.0	0.0	0.0	0.00251	0.0	0.0	0.0	0.0	0.0	0.0	0.0
GGB82496	0.0	0.0	0.0	0.0	0.0	0.0	0.0	0.0	0.0	0.0	0.0	0.0	0.0	0.0024	0.0	0.00024	0.0	0.81342	0.26504	0.10707	0.0
GGB84001	0.0	0.0	0.0	0.0	0.0	0.0	0.0	0.0	0.0	0.0	0.0	0.0	0.0	0.00227	0.00817	0.02382	0.0	0.0	0.0	0.0	0.0
GGB29944	0.0	0.0	0.0	0.0	0.0	0.0	0.0	0.0	0.0	0.0	0.0	0.0	0.0	0.0021	0.0	0.0	0.0	0.0	0.0	0.0	0.0
GGB58263	0.0	0.0	0.0	0.0	0.0	0.0	0.0	0.0	0.0	0.0	0.0	0.0	0.0	0.00191	0.0	0.0	0.0	0.12437	0.02341	0.0	0.0
Sanguibacter	0.0	0.0	0.0	0.0	0.0	0.0	0.0	0.0	0.0	0.0	0.0	0.0	0.0	0.00165	0.00026	0.0	0.0	0.0	0.0	0.0	0.0
GGB83732	0.0	0.0	0.0	0.0	0.0	0.0	0.0	0.0	0.0	0.0	0.0	0.0	0.0	0.0014	0.0	0.00056	0.00028	0.00124	0.05078	0.00105	0.0
GGB83932	0.0	0.0	0.0	0.0	0.0	0.0	0.0	0.0	0.0	0.0	0.0	0.0	0.0	0.00134	0.0	0.0	0.0	0.0	0.0	0.0	0.0
GGB27026	0.0	0.0	0.0	0.0	0.0	0.0	0.0	0.0	0.0	0.0	0.0	0.0	0.0	0.00119	0.0	0.0	0.0	0.0	0.0	0.0	0.0
GGB82916	0.0	0.0	0.0	0.0	0.0	0.0	0.0	0.0	0.0	0.0	0.0	0.0	0.0	0.00118	0.01781	0.00295	0.0	0.0	0.0	0.00726	0.0
GGB70482	0.0	0.0	0.0	0.0	0.0	0.0	0.0	0.0	0.0	0.0	0.0	0.0	0.0	0.00096	0.0	0.0	0.0	0.0	0.0	0.0	0.0
GGB82386	0.0	0.0	0.0	0.0	0.0	0.0	0.0	0.0	0.0	0.0	0.0	0.0	0.0	0.00084	0.0	0.0	0.0	0.0	0.0	0.0	0.0
GGB79255	0.0	0.0	0.0	0.0	0.0	0.0	0.0	0.0	0.0	0.0	0.0	0.0	0.0	0.0007	0.0	0.0	0.00163	0.08542	0.00901	0.0	0.0
GGB87031	0.0	0.0	0.0	0.0	0.0	0.0	0.0	0.0	0.0	0.0	0.0	0.0	0.0	0.00067	0.00064	0.00155	0.0	0.0	0.0	0.0	0.0
GGB58327	0.0	0.0	0.0	0.0	0.0	0.0	0.0	0.0	0.0	0.0	0.0	0.0	0.0	0.00066	0.0	0.0	0.0	0.0	0.0	0.0	0.0
GGB70781	0.0	0.0	0.0	0.0	0.0	0.0	0.0	0.0	0.0	0.0	0.0	0.0	0.0	0.00057	0.0	0.00052	0.0	0.00322	0.0	0.0	0.0
GGB82428	0.0	0.0	0.0	0.0	0.0	0.0	0.0	0.0	0.0	0.0	0.0	0.0	0.0	0.00054	0.01685	0.0002	0.0	0.0	0.0	0.0	0.0
GGB70586	0.0	0.0	0.0	0.0	0.0	0.0	0.0	0.0	0.0	0.0	0.0	0.0	0.0	0.00041	0.0	0.00505	0.0	0.0	0.00541	0.0	0.0
GGB52271	0.0	0.0	0.0	0.0	0.0	0.0	0.0	0.0	0.0	0.0	0.0	0.0	0.0	0.00035	0.0	0.0	0.01503	0.009	0.00091	0.0004	0.0
GGB70460	0.0	0.0	0.0	0.0	0.0	0.0	0.0	0.0	0.0	0.0	0.0	0.0	0.0	0.0002	0.0	0.0	0.00266	0.0	0.02369	0.0	0.0
GGB84094	0.0	0.0	0.0	0.0	0.0	0.0	0.0	0.0	0.0	0.0	0.0	0.0	0.0	0.00019	0.00071	0.0	0.0	0.0	0.0	0.0	0.0
GGB82151	0.0	0.0	0.0	0.0	0.0	0.0	0.0	0.0	0.0	0.0	0.0	0.0	0.0	0.00018	0.0	0.00273	0.0	0.0	0.0	0.0	0.0
GGB85419	0.0	0.0	0.0	0.0	0.0	0.0	0.0	0.0	0.0	0.0	0.0	0.0	0.0	0.00011	0.0	0.00012	0.0	0.0	0.0	0.0	0.0
GGB79159	0.0	0.0	0.0	0.0	0.0	0.0	0.0	0.0	0.0	0.0	0.0	0.0	0.0	0.0001	0.0	0.0	0.0	0.00451	0.0	0.00245	0.0
GGB101365	0.0	0.0	0.0	0.0	0.0	0.0	0.0	0.0	0.0	0.0	0.0	0.0	0.0	9e-05	0.0	0.0	0.0	0.00036	0.0	0.0	0.0
GGB81869	0.0	0.0	0.0	0.0	0.0	0.0	0.0	0.0	0.0	0.0	0.0	0.0	0.0	0.0	0.58718	0.04259	0.0	0.0	0.0	0.0	0.0
GGB81896	0.0	0.0	0.0	0.0	0.0	0.0	0.0	0.0	0.0	0.0	0.0	0.0	0.0	0.0	0.34001	0.0	0.0	0.0	0.0	0.0	0.0
GGB83914	0.0	0.0	0.0	0.0	0.0	0.0	0.0	0.0	0.0	0.0	0.0	0.0	0.0	0.0	0.13169	0.0	0.0	0.0	0.0	0.0	0.0
GGB114020	0.0	0.0	0.0	0.0	0.0	0.0	0.0	0.0	0.0	0.0	0.0	0.0	0.0	0.0	0.08114	0.0	0.0	0.0	0.0	0.0	0.0
GGB84441	0.0	0.0	0.0	0.0	0.0	0.0	0.0	0.0	0.0	0.0	0.0	0.0	0.0	0.0	0.05809	0.0	0.0	0.0	0.0	0.0	0.0
GGB84622	0.0	0.0	0.0	0.0	0.0	0.0	0.0	0.0	0.0	0.0	0.0	0.0	0.0	0.0	0.04	0.0	0.0	0.0	0.0	0.0	0.0
GGB25954	0.0	0.0	0.0	0.0	0.0	0.0	0.0	0.0	0.0	0.0	0.0	0.0	0.0	0.0	0.0222	0.0	0.0	0.0	0.0	0.0	0.0
GGB25305	0.0	0.0	0.0	0.0	0.0	0.0	0.0	0.0	0.0	0.0	0.0	0.0	0.0	0.0	0.01136	0.03575	0.0	0.0	0.0	0.0	0.0
GGB81867	0.0	0.0	0.0	0.0	0.0	0.0	0.0	0.0	0.0	0.0	0.0	0.0	0.0	0.0	0.01083	0.0	0.11157	0.0	1.17128	1.16375	0.0
GGB56460	0.0	0.0	0.0	0.0	0.0	0.0	0.0	0.0	0.0	0.0	0.0	0.0	0.0	0.0	0.00876	0.0	0.0	0.0	0.0	0.0	0.0
GGB84598	0.0	0.0	0.0	0.0	0.0	0.0	0.0	0.0	0.0	0.0	0.0	0.0	0.0	0.0	0.00472	0.40673	0.0	0.0	0.0	0.0	0.0
GGB87068	0.0	0.0	0.0	0.0	0.0	0.0	0.0	0.0	0.0	0.0	0.0	0.0	0.0	0.0	0.00442	0.00114	0.0	0.0	0.0	0.0	0.0
Salinibacterium	0.0	0.0	0.0	0.0	0.0	0.0	0.0	0.0	0.0	0.0	0.0	0.0	0.0	0.0	0.00438	0.0	0.0	0.0	0.0	0.0	0.0
GGB83079	0.0	0.0	0.0	0.0	0.0	0.0	0.0	0.0	0.0	0.0	0.0	0.0	0.0	0.0	0.00411	0.0	0.0	0.0	0.0	0.0	0.0
Aeromicrobium	0.0	0.0	0.0	0.0	0.0	0.0	0.0	0.0	0.01295	0.0	0.0	0.0	0.0	0.0	0.00348	0.0	0.0	0.0	0.0	0.0	0.0
GGB84750	0.0	0.0	0.0	0.0	0.0	0.0	0.0	0.0	0.0	0.0	0.0	0.0	0.0	0.0	0.00335	0.00718	0.01054	0.00271	0.31463	0.06493	0.0
GGB84870	0.0	0.0	0.0	0.0	0.0	0.0	0.0	0.0	0.0	0.0	0.0	0.0	0.0	0.0	0.00312	0.0	0.0	0.0	0.0	0.0	0.0
GGB36588	0.0	0.0	0.0	0.0	0.0	0.0	0.0	0.0	0.0	0.0	0.0	0.0	0.0	0.0	0.00295	0.0	0.00284	0.00573	0.00138	0.01521	0.0
GGB58333	0.0	0.0	0.0	0.0	0.0	0.0	0.0	0.0	0.0	0.0	0.0	0.0	0.0	0.0	0.00283	0.0	0.0	0.0	0.0	0.0	0.0
GGB50444	0.0	0.0	0.0	0.0	0.0	0.0	0.0	0.0	0.0	0.0	0.0	0.0	0.0	0.0	0.00277	0.0	8.88587	2.30224	0.33696	0.2595	0.0
Nocardioides	0.0	0.0	0.0	0.0	0.0	0.0	0.0	0.0	0.06768	0.0	0.0	0.0	0.0	0.0	0.00269	0.0	0.0	0.0	0.0	0.0	0.0
GGB70827	0.0	0.0	0.0	0.0	0.0	0.0	0.0	0.0	0.0	0.0	0.0	0.0	0.0	0.0	0.00253	0.0	0.0113	0.00064	0.01412	0.0	0.0
GGB3318	0.0	0.0	0.0	0.0	0.0	0.0	0.0	0.0	0.0	0.0	0.0	0.0	0.0	0.0	0.00252	0.00725	0.0	0.0	0.0	0.0	0.0
GGB53050	0.0	0.0	0.0	0.0	0.0	0.0	0.0	0.0	0.0	0.0	0.0	0.0	0.0	0.0	0.00246	0.0	0.0	0.0	0.0	0.0	0.0
GGB84560	0.0	0.0	0.0	0.0	0.0	0.0	0.0	0.0	0.0	0.0	0.0	0.0	0.0	0.0	0.0024	0.00196	0.0	0.0	0.0	0.0	0.0
GGB142444	0.0	0.0	0.0	0.0	0.0	0.0	0.0	0.0	0.0	0.0	0.0	0.0	0.0	0.0	0.00212	0.0	0.0	0.0	0.0	0.0	0.0
GGB59083	0.0	0.0	0.0	0.0	0.0	0.0	0.0	0.0	0.0	0.0	0.0	0.0	0.0	0.0	0.00209	0.00143	0.0	0.00295	0.0	0.0	0.0
GGB87456	0.0	0.0	0.0	0.0	0.0	0.0	0.0	0.0	0.0	0.0	0.0	0.0	0.0	0.0	0.00103	0.0	0.0	0.0	0.0	0.0	0.0
GGB82155	0.0	0.0	0.0	0.0	0.0	0.0	0.0	0.0	0.0	0.0	0.0	0.0	0.0	0.0	0.00059	0.0	3.7218	1.14847	0.16426	1.36139	0.0
GGB52365	0.0	0.0	0.0	0.0	0.0	0.0	0.0	0.0	0.0	0.0	0.0	0.0	0.0	0.0	0.00047	0.0	0.0	0.03181	0.0	0.0	0.0
GGB79267	0.0	0.0	0.0	0.0	0.0	0.0	0.0	0.0	0.0	0.0	0.0	0.0	0.0	0.0	0.00046	0.0	0.0	0.0	0.0	0.0	0.0
GGB70560	0.0	0.0	0.0	0.0	0.0	0.0	0.0	0.0	0.0	0.0	0.0	0.0	0.0	0.0	0.00045	0.0	0.00072	0.01033	0.00149	0.0	0.0
GGB74958	0.0	0.0	0.0	0.0	0.00876	0.0	0.0	0.02681	0.0	0.0	0.5957	0.0	0.0	0.0	0.00036	0.0	0.0	0.0	0.0	0.0	0.0
GGB76401	0.0	0.0	0.0	0.0	0.0	0.0	0.0	0.0	0.0	0.0	0.0	0.0	0.0	0.0	0.00035	0.0	0.0	0.67602	0.03522	0.0	0.0
GGB87050	0.0	0.0	0.0	0.0	0.0	0.0	0.0	0.0	0.0	0.0	0.0	0.0	0.0	0.0	0.00025	0.0	0.0	0.0	0.0	0.0	0.0
GGB114022	0.0	0.0	0.0	0.0	0.0	0.0	0.0	0.0	0.0	0.0	0.0	0.0	0.0	0.0	0.00024	0.00585	0.0	0.0	0.0	0.0	0.0
GGB82374	0.0	0.0	0.0	0.0	0.0	0.0	0.0	0.0	0.0	0.0	0.0	0.0	0.0	0.0	0.0	0.0976	0.0	0.0	0.0	0.0	0.0
GGB84447	0.0	0.0	0.0	0.0	0.0	0.0	0.0	0.0	0.0	0.0	0.0	0.0	0.0	0.0	0.0	0.05069	0.0	0.0	0.0	0.0	0.0
GGB82256	0.0	0.0	0.0	0.0	0.0	0.0	0.0	0.0	0.0	0.0	0.0	0.0	0.0	0.0	0.0	0.0413	0.0	0.0	0.0	0.0	0.0
GGB70687	0.0	0.0	0.0	0.0	0.0	0.0	0.0	0.0	0.0	0.0	0.0	0.0	0.0	0.0	0.0	0.02904	0.0049	0.0	0.01641	0.0	0.0
Klebsiella	0.0	0.0	0.0	0.0	0.0	0.0	0.0	0.0	0.0	0.0	0.0	0.0	0.0	0.0	0.0	0.02563	0.0	0.0	0.0	0.0	0.0
GGB59015	0.0	0.0	0.0	0.0	0.0	0.0	0.0	0.0	0.0	0.0	0.0	0.0	0.0	0.0	0.0	0.02055	0.13678	0.0	0.0	0.0	0.0
GGB83972	0.0	0.0	0.0	0.0	0.0	0.0	0.0	0.0	0.0	0.0	0.0	0.0	0.0	0.0	0.0	0.01949	0.0	0.0	0.0	0.0	0.0
GGB84271	0.0	0.0	0.0	0.0	0.0	0.0	0.0	0.0	0.0	0.0	0.0	0.0	0.0	0.0	0.0	0.01592	0.0	0.0	0.0	0.0	0.0
Loktanella	0.0	0.0	0.0	0.0	0.0	0.0	0.0	0.0	0.0	0.0	0.0	0.0	0.0	0.0	0.0	0.01469	0.0	0.0	0.0	0.0	0.0
GGB105150	0.0	0.0	0.0	0.0	0.0	0.0	0.0	0.0	0.0	0.0	0.0	0.0	0.0	0.0	0.0	0.00626	0.0	0.0	0.0	0.0	0.0
GGB87460	0.0	0.0	0.0	0.0	0.0	0.0	0.0	0.0	0.0	0.0	0.0	0.0	0.0	0.0	0.0	0.0043	0.0	0.0	0.0	0.0	0.0
GGB118344	0.0	0.0	0.0	0.0	0.0	0.0	0.0	0.0	0.0	0.0	0.0	0.0	0.0	0.0	0.0	0.00421	0.0	0.0	0.0	0.0	0.0
GGB101995	0.0	0.0	0.0	0.0	0.0	0.0	0.0	0.0	0.0	0.0	0.0	0.0	0.0	0.0	0.0	0.00325	0.0	0.04632	0.06983	0.00072	0.0
GGB82536	0.0	0.0	0.0	0.0	0.0	0.0	0.0	0.0	0.0	0.0	0.0	0.0	0.0	0.0	0.0	0.00283	0.0	0.0	0.0	0.0	0.0
GGB86518	0.0	0.0	0.0	0.0	0.0	0.0	0.0	0.0	0.0	0.0	0.0	0.0	0.0	0.0	0.0	0.00237	0.0	0.0	0.0	0.0	0.0
Bosea	0.0	0.0	0.0	0.0	0.0	0.0	0.0	0.0	0.0	0.0	0.0	0.0	0.0	0.0	0.0	0.0022	0.0	0.0	0.0	0.0	0.0
GGB83723	0.0	0.0	0.0	0.0	0.0	0.0	0.0	0.0	0.0	0.0	0.0	0.0	0.0	0.0	0.0	0.00212	0.0	0.0	0.0	0.0	0.0
GGB70771	0.0	0.0	0.0	0.0	0.0	0.0	0.0	0.0	0.0	0.0	0.0	0.0	0.0	0.0	0.0	0.0021	0.0	0.0	0.0	0.0	0.0
GGB102131	0.0	0.0	0.0	0.0	0.0	0.0	0.0	0.0	0.0	0.0	0.0	0.0	0.0	0.0	0.0	0.00198	0.0	0.0	0.0	0.0	0.0
GGB70638	0.0	0.0	0.0	0.0	0.0	0.0	0.0	0.0	0.0	0.0	0.0	0.0	0.0	0.0	0.0	0.00198	0.00284	0.00013	0.02857	0.00105	0.0
GGB68813	0.0	0.0	0.0	0.0	0.0	0.0	0.0	0.0	0.0	0.0	0.0	0.0	0.0	0.0	0.0	0.001	0.7165	0.30224	1.66783	2.94434	0.0
GGB70471	0.0	0.0	0.0	0.0	0.0	0.0	0.0	0.0	0.0	0.0	0.0	0.0	0.0	0.0	0.0	0.00084	0.0	0.0	0.0	0.0	0.0
GGB105182	0.0	0.0	0.0	0.0	0.0	0.0	0.0	0.0	0.0	0.0	0.0	0.0	0.0	0.0	0.0	0.00078	0.0	0.0	0.0	0.0	0.0
GGB84817	0.0	0.0	0.0	0.0	0.0	0.0	0.0	0.0	0.0	0.0	0.0	0.0	0.0	0.0	0.0	0.00054	0.0	0.0	0.0	0.0	0.0
Marisediminicola	0.0	0.0	0.0	0.0	0.0	0.0	0.0	0.0	0.0	0.0	0.0	0.0	0.0	0.0	0.0	0.0005	0.0	0.0	0.0	0.0	0.0
Sphingomonas	0.0	0.0	0.0	0.0	0.0	0.0	0.0	0.0	0.0	0.0	0.0	0.0	0.0	0.0	0.0	0.00049	0.0	0.0	0.0	0.0	0.0
GGB141207	0.0	0.0	0.0	0.0	0.0	0.0	0.0	0.0	0.0	0.0	0.0	0.0	0.0	0.0	0.0	0.0003	0.0	0.0	0.0	0.0	0.0
GGB49638	6.60797	4.41096	10.04588	1.54464	2.25631	1.34068	3.0568	2.32423	2.09988	1.9279	0.22604	4.00993	0.0	0.0	0.0	0.0	0.0	0.0	0.0	0.0	0.0
GGB30794	2.96584	2.62569	2.79351	5.83684	5.98897	7.81447	3.87039	1.84041	0.91458	1.23162	2.69337	2.15704	0.0	0.0	0.0	0.0	0.0	0.0	0.0	0.0	0.0
GGB27530	2.15727	0.34217	0.0	0.0	0.0	0.0	0.0	0.0	0.0	0.0	0.04944	0.0	0.0	0.0	0.0	0.0	0.0	0.0	0.0	0.0	0.0
GGB50193	1.67288	15.76479	0.0	12.0145	0.0	0.0	0.0	0.0	0.0222	0.0	0.0	0.0	0.0	0.0	0.0	0.0	0.0	0.0	0.0	0.0	0.0
GGB141354	1.51041	4.64541	3.02911	9.1167	2.695	4.64343	1.91718	1.58018	0.8924	0.89644	0.62442	0.7972	0.0	0.0	0.0	0.0	0.0	0.0	0.0	0.0	0.0
GGB16301	1.45829	6.56862	0.0	1.26888	0.0	0.0	0.0	0.0	0.0	0.0	0.0	0.0	0.0	0.0	0.0	0.0	0.0	0.0	0.0	0.0	0.0
GGB77061	0.9212	0.52317	2.9907	1.65064	1.73445	0.36685	0.22576	0.20122	5.08698	8.56144	15.52086	1.67223	0.0	0.0	0.0	0.0	0.0	0.0	0.0	0.0	0.0
GGB27570	0.64635	0.55077	0.89367	0.97294	0.0	0.00184	0.0	0.0	0.0	0.0	0.0	0.0	0.0	0.0	0.0	0.0	0.0	0.0	0.0	0.0	0.0
GGB76846	0.59824	1.15142	1.29304	0.6361	0.1784	0.13923	0.05863	0.07336	0.51537	0.03273	0.04993	0.04803	0.0	0.0	0.0	0.0	0.0	0.0	0.0	0.0	0.0
GGB121886	0.56735	3.16891	2.05518	3.90772	0.48747	0.29556	1.56792	0.52682	0.30119	0.70636	0.38024	0.06605	0.0	0.0	0.0	0.0	0.0	0.0	0.0	0.0	0.0
GGB74929	0.48933	0.94271	0.6626	1.36666	0.3247	0.73178	1.08426	0.45957	0.46258	0.71777	0.81845	0.20236	0.0	0.0	0.0	0.0	0.0	0.0	0.0	0.0	0.0
Desemzia	0.42134	0.0	0.0	0.0	0.0	0.0	0.0	0.0	0.0	0.0	0.0	0.0	0.0	0.0	0.0	0.0	0.0	0.0	0.0	0.0	0.0
GGB32227	0.38078	0.8779	1.61155	1.68572	0.39857	1.17554	0.5128	0.42223	0.18576	0.18028	0.00714	0.25462	0.0	0.0	0.0	0.0	0.0	0.0	0.0	0.0	0.0
Methanocorpusculum	0.3493	0.62253	0.5036	0.52058	0.54126	1.02426	1.15247	1.75914	0.47781	0.32258	2.07949	0.87045	0.0	0.0	0.0	0.0	0.0	0.0	0.0	0.0	0.0
GGB30652	0.3376	0.10549	0.12296	0.0	0.0	0.0	0.0	0.0	0.03446	0.00596	0.10741	0.0	0.0	0.0	0.0	0.0	0.0	0.0	0.0	0.0	0.0
GGB74572	0.318	4.58128	1.86606	5.21218	2.72865	15.17036	1.43884	5.75639	3.84852	0.28727	0.39065	1.80999	0.0	0.0	0.0	0.0	0.0	0.0	0.0	0.0	0.0
GGB77059	0.24185	1.00377	5.84531	4.68329	4.37624	1.75368	2.07183	2.8587	3.21359	5.08794	1.04336	4.75577	0.0	0.0	0.0	0.0	0.0	0.0	0.0	0.0	0.0
GGB30625	0.24182	0.17487	0.26171	0.30722	0.10056	0.08068	0.26879	0.22451	0.0408	0.0	0.0	0.0	0.0	0.0	0.0	0.0	0.0	0.0	0.0	0.0	0.0
GGB82941	0.16768	0.32556	0.85177	0.54807	0.04206	0.03875	0.01199	0.01231	0.13479	0.4995	0.12987	0.04419	0.0	0.0	0.0	0.0	0.0	0.0	0.0	0.0	0.0
GGB48517	0.1644	0.07338	0.12425	0.0	0.0	0.0	0.38543	1.07166	0.0	0.0	0.0	0.0	0.0	0.0	0.0	0.0	0.0	0.0	0.0	0.0	0.0
GGB23623	0.15613	0.09408	0.0	0.0	0.096	0.01846	0.06499	0.17663	0.0239	0.36151	1.36726	0.10421	0.0	0.0	0.0	0.0	0.0	0.0	0.0	0.0	0.0
Ligilactobacillus	0.15003	0.10089	0.18959	0.28162	0.7572	0.75047	0.28355	0.20471	0.15019	0.24116	0.54991	0.02747	0.0	0.0	0.0	0.0	0.0	0.0	0.0	0.0	0.01812
GGB35075	0.14559	2.38826	4.33448	1.0895	0.0	0.00099	0.00336	0.00894	0.10066	0.02371	0.0	0.07683	0.0	0.0	0.0	0.0	0.0	0.0	0.0	0.0	0.0
GGB56368	0.1408	0.09772	0.0	0.01654	0.0	0.0	0.0	0.0	0.0	0.0	0.0	0.0	0.0	0.0	0.0	0.0	0.0	0.0	0.0	0.0	0.0
GGB123637	0.13667	0.03771	0.0	0.0	0.0	0.0	0.0	0.0	0.0	0.0	0.0	0.0	0.0	0.0	0.0	0.0	0.0	0.0	0.0	0.0	0.0
GGB30649	0.1188	0.08976	0.45712	0.23111	0.0	0.14911	0.0	0.0	0.21482	0.0	0.0	0.0	0.0	0.0	0.0	0.0	0.0	0.0	0.0	0.0	0.0
GGB27598	0.113	0.07435	0.0	0.06328	0.0	0.0	0.0	0.0	0.0	0.0	0.0	0.0	0.0	0.0	0.0	0.0	0.0	0.0	0.0	0.0	0.0
GGB143005	0.09714	0.0	0.10906	0.0	0.03341	0.0	0.13204	0.0	0.0	0.0	0.0	0.0	0.0	0.0	0.0	0.0	0.0	0.0	0.0	0.01188	0.0
GGB82851	0.09202	0.39226	0.38276	0.44069	0.00065	0.23279	0.11711	0.03203	0.10578	0.17427	0.29895	0.13816	0.0	0.0	0.0	0.0	0.0	0.0	0.0	0.0	0.0
Limosilactobacillus	0.0692	0.08036	0.08537	0.12592	0.00065	0.0	0.00445	0.0	0.0	0.0	0.0	0.0	0.0	0.0	0.0	0.0	0.0	0.0	0.0	0.0	0.0
GGB78587	0.05937	2.6178	2.01142	0.85921	1.46485	2.41523	0.18096	1.29873	0.43381	0.0	0.0	0.0	0.0	0.0	0.0	0.0	0.0	0.0	0.0	0.0	0.0
GGB76845	0.05028	0.37062	0.89279	0.15964	0.0	0.0	0.41895	0.04079	0.01868	0.17603	0.0	0.0	0.0	0.0	0.0	0.0	0.0	0.0	0.0	0.0	0.0
GGB30644	0.04463	0.0	0.0	0.0	0.0	0.0	0.0	0.0	0.08852	0.10226	4.57048	0.80442	0.0	0.0	0.0	0.0	0.0	0.0	0.0	0.0	0.0
GGB81585	0.04237	0.47523	0.37543	0.13707	10.29271	0.00109	6.98921	1.66384	0.01573	0.0	0.0	0.0	0.0	0.0	0.0	0.0	0.0	0.0	0.0	0.0	0.0
GGB30678	0.03463	0.01425	0.06112	0.0	0.0	0.0	0.14381	0.0	0.02114	0.04777	0.02743	0.00179	0.0	0.0	0.0	0.0	0.0	0.0	0.0	0.0	0.0
GGB31900	0.03368	0.01895	0.07475	0.00131	0.0	0.0	0.0	0.0	0.0	0.00324	0.0	0.0	0.0	0.0	0.0	0.0	0.0	0.0	0.0	0.0	0.0
GGB30637	0.03085	0.00113	0.06579	0.02649	0.0	0.0	0.00611	0.00367	0.03103	0.00743	0.01935	0.0	0.0	0.0	0.0	0.0	0.0	0.0	0.0	0.0	0.0
GGB24502	0.02631	1.02007	0.67872	0.11441	0.07627	0.42213	0.91445	0.42223	0.00518	0.0379	0.00566	0.0	0.0	0.0	0.0	0.0	0.0	0.0	0.0	0.0	0.0
GGB24094	0.02464	0.04872	0.00923	0.05034	0.0	0.0	0.0	0.0	0.0	0.0	0.0	0.0	0.0	0.0	0.0	0.0	0.0	0.0	0.0	0.0	0.0
GGB142568	0.02448	0.02	0.00846	0.0	0.0	0.0	0.0	0.0	0.0	0.01009	0.0	0.0	0.0	0.0	0.0	0.0	0.0	0.0	0.0	0.0	0.0
GGB119823	0.02095	0.0	0.0	0.0	0.00865	0.0	0.0	0.0	0.0	0.0	0.0	0.0	0.0	0.0	0.0	0.0	0.0	0.0	0.0	0.0	0.0
GGB30476	0.01889	0.0	0.0	0.0	0.0	0.0	0.0	0.0	0.0	0.0	0.0	0.0	0.0	0.0	0.0	0.0	0.0	0.0	0.0	0.0	0.0
GGB85029	0.01805	0.0	0.0	0.0	0.0	0.0	0.0	0.0	0.0	0.0	0.0	0.0	0.0	0.0	0.0	0.0	0.0	0.0	0.0	0.0	0.0
GGB100567	0.0175	0.00236	0.0	0.0	0.11632	0.0	0.06804	0.0	0.0	0.0	0.0	0.0	0.0	0.0	0.0	0.0	0.0	0.0	0.0	0.0	0.0
GGB87101	0.01448	0.0	0.0	0.0	0.0	0.0	0.0	0.0	0.0	0.01752	0.02246	0.0	0.0	0.0	0.0	0.0	0.0	0.0	0.0	0.0	0.0
Lysinibacillus	0.01417	0.0	0.0	0.0	0.0	0.0	0.0	0.0	0.0	0.0	0.0	0.0	0.0	0.0	0.0	0.0	0.0	0.0	0.0	0.0	0.0
GGB30681	0.01202	0.01728	0.03442	0.01341	0.0	0.0	0.02097	0.11678	0.0	0.0	0.0	0.0	0.0	0.0	0.0	0.0	0.0	0.0	0.0	0.0	0.0
Rummeliibacillus	0.00776	0.01903	0.0	0.00946	0.0	0.0	0.0	0.0	0.0	0.0	0.0	0.0	0.0	0.0	0.0	0.0	0.0	0.0	0.0	0.0	0.0
GGB121889	0.00652	0.0	0.0	0.0	0.013	0.0	0.03473	0.01795	0.0	0.0	0.0	0.0	0.0	0.0	0.0	0.0	0.0	0.0	0.0	0.0	0.0
GGB9502	0.00428	0.0	0.0	0.0	0.0	0.0	0.0	0.0	0.0	0.0	0.0	0.0	0.0	0.0	0.0	0.0	0.0	0.0	0.0	0.0	0.0
GGB23853	0.00122	0.05831	0.48429	0.06334	0.0	0.0	0.0	0.00041	0.02774	0.18956	0.01899	0.00937	0.0	0.0	0.0	0.0	0.0	0.0	0.0	0.0	0.0
GGB82844	0.0003	0.00051	0.0006	0.0	0.00212	0.0	0.0	0.0	0.0	0.00171	0.0	0.00027	0.0	0.0	0.0	0.0	0.0	0.0	0.0	0.0	0.0
GGB32842	0.0	0.50316	0.12289	0.74346	0.24184	5.23186	0.63702	1.27318	0.0	0.0	0.0	0.0	0.0	0.0	0.0	0.0	0.0	0.0	0.0	0.0	0.0
GGB52312	0.0	0.13313	0.0	0.0	0.0	0.0	0.0	0.0	0.0	0.00416	0.0	0.0	0.0	0.0	0.0	0.0	0.0	0.0	0.0	0.0	0.0
GGB29572	0.0	0.08135	0.42085	0.01603	0.0	0.0	0.0	0.0	0.01943	0.10482	0.44517	0.02204	0.0	0.0	0.0	0.0	0.0	0.0	0.0	0.0	0.0
Pseudonocardia	0.0	0.03903	0.0	0.00587	0.0	0.0	0.0	0.0	0.0	0.0	0.00462	0.0	0.0	0.0	0.0	0.0	0.0	0.0	0.0	0.0	0.0
Devosia	0.0	0.00971	0.00487	0.00306	0.0	0.0	0.0	0.0	0.39208	0.0	0.0	0.0	0.0	0.0	0.0	0.0	0.0	0.0	0.0	0.0	0.0
Mycolicibacterium	0.0	0.00889	0.0	0.0	0.0	0.0	0.0	0.0	0.0	0.0	0.0	0.0	0.0	0.0	0.0	0.0	0.0	0.0	0.0	0.0	0.0
Ornithinimicrobium	0.0	0.00685	0.0	0.00596	0.0	0.0	0.0	0.0	0.0	0.0	0.02469	0.0	0.0	0.0	0.0	0.0	0.0	0.0	0.0	0.0	0.0
Modestobacter	0.0	0.00651	0.0	0.01096	0.0	0.0	0.0	0.0	0.0	0.0	0.0	0.0	0.0	0.0	0.0	0.0	0.0	0.0	0.0	0.0	0.0
GGB82794	0.0	0.00558	0.00408	0.00347	0.0	0.0	0.0	0.0	0.0	0.0	0.0	0.0	0.0	0.0	0.0	0.0	0.0	0.0	0.0	0.0	0.0
GGB92459	0.0	0.0039	0.0	0.0	0.0	0.0	0.0	0.0	0.0	0.0	0.0	0.0	0.0	0.0	0.0	0.0	0.0	0.0	0.0	0.0	0.0
GGB85010	0.0	0.0038	0.00182	0.00093	0.0	0.0	0.0	0.0	0.0	0.00043	0.0	0.0	0.0	0.0	0.0	0.0	0.0	0.0	0.0	0.0	0.0
Fibrobacter	0.0	0.00338	0.01846	0.0	0.00028	0.01224	0.00381	0.0	0.0	0.0	0.0	0.0	0.0	0.0	0.0	0.0	0.0	0.0	0.0	0.0	0.0
GGB24074	0.0	0.0	23.52513	0.0	0.0	0.0	0.0	0.0	0.0	0.0	0.0	0.0	0.0	0.0	0.0	0.0	0.0	0.0	0.0	0.0	0.0
GGB24082	0.0	0.0	2.4866	0.0	0.0	0.0	0.0	0.0	0.0	0.0	0.0	0.0	0.0	0.0	0.0	0.0	0.0	0.0	0.0	0.0	0.0
GGB123525	0.0	0.0	0.06252	0.08157	5.09858	0.0	0.0	0.0	0.22723	0.0	0.0	0.0	0.0	0.0	0.0	0.0	0.0	0.0	0.0	0.0	0.0
GGB30616	0.0	0.0	0.03875	0.0	0.0	0.09062	0.08277	0.0	0.0	0.0	0.0	0.0	0.0	0.0	0.0	0.0	0.0	0.0	0.0	0.0	0.0
Enterococcus	0.0	0.0	0.03869	0.0	0.0	0.0	0.0	0.0	0.0	0.0	0.03591	0.0	0.0	0.0	0.0	0.0	0.0	1.32983	0.05814	0.0944	0.0
GGB31289	0.0	0.0	0.01266	0.0	0.0	0.0	0.0	0.0	0.0	0.0	0.0	0.0	0.0	0.0	0.0	0.0	0.0	0.0	0.0	0.0	0.0
GGB140873	0.0	0.0	0.01078	0.0	0.01889	0.0	0.0	0.0	0.0	0.0	0.0	0.01622	0.0	0.0	0.0	0.0	0.0	0.0	0.0	0.0	0.0
GGB31267	0.0	0.0	0.00847	0.0	0.0	0.0	0.0	0.0	0.0	0.0	0.0	0.0	0.0	0.0	0.0	0.0	0.0	0.0	0.0	0.0	0.0
GGB30605	0.0	0.0	0.00584	0.0	0.06054	0.0	0.06444	0.0232	0.0	0.0	0.0	0.0	0.0	0.0	0.0	0.0	0.0	0.0	0.0	0.0	0.0
GGB30669	0.0	0.0	0.00366	0.0	0.0	0.0	0.0	0.0	0.0	0.01889	0.02838	0.0	0.0	0.0	0.0	0.0	0.0	0.0	0.0	0.0	0.0
GGB30695	0.0	0.0	0.00285	0.0	0.27758	0.0	0.0	0.0	0.0	0.0	0.0	0.0	0.0	0.0	0.0	0.0	0.0	0.0	0.0	0.0	0.0
GGB48513	0.0	0.0	0.00131	0.0	0.0	0.0	0.0	0.0	0.0	0.0	0.0	0.0	0.0	0.0	0.0	0.0	0.0	0.0	0.0	0.0	0.0
Planctomonas	0.0	0.0	0.0	0.0248	0.0	0.0	0.0	0.0	0.0	0.0	0.0	0.0	0.0	0.0	0.0	0.0	0.0	0.0	0.0	0.0	0.0
Geodermatophilus	0.0	0.0	0.0	0.00168	0.0	0.0	0.0	0.0	0.0	0.0	0.0	0.0	0.0	0.0	0.0	0.0	0.0	0.0	0.0	0.0	0.0
Stutzerimonas	0.0	0.0	0.0	0.0	0.0	0.0	0.0	0.0	4.08812	0.0	0.0	0.0	0.0	0.0	0.0	0.0	0.0	0.0	0.0	0.0	0.0
Pseudomonas	0.0	0.0	0.0	0.0	0.0	0.0	0.0	0.0	3.71741	0.0	0.0	0.0	0.0	0.0	0.0	0.0	0.0	0.0	0.0	0.0	0.04421
Halopseudomonas	0.0	0.0	0.0	0.0	0.0	0.0	0.0	0.0	1.35947	0.0	0.0	0.0	0.0	0.0	0.0	0.0	0.0	0.0	0.0	0.0	25.87395
Rheinheimera	0.0	0.0	0.0	0.0	0.0	0.0	0.0	0.0	0.78771	0.0	0.0	0.0	0.0	0.0	0.0	0.0	0.0	0.0	0.0	0.0	3.33392
Arsukibacterium	0.0	0.0	0.0	0.0	0.0	0.0	0.0	0.0	0.554	0.0	0.0	0.0	0.0	0.0	0.0	0.0	0.0	0.0	0.0	0.0	0.12867
Shewanella	0.0	0.0	0.0	0.0	0.0	0.0	0.0	0.0	0.48368	0.0	0.0	0.0	0.0	0.0	0.0	0.0	0.0	0.0	0.0	0.0	0.27224
Pseudorhizobium	0.0	0.0	0.0	0.0	0.0	0.0	0.0	0.0	0.45427	0.0	0.0	0.0	0.0	0.0	0.0	0.0	0.0	0.0	0.0	0.0	0.0
GGB65791	0.0	0.0	0.0	0.0	0.0	0.0	0.0	0.0	0.3313	0.0	0.0	0.0	0.0	0.0	0.0	0.0	0.0	0.0	0.0	0.0	0.0
Planococcus	0.0	0.0	0.0	0.0	0.0	0.0	0.0	0.0	0.20267	0.0	0.0	0.0	0.0	0.0	0.0	0.0	0.0	0.0	0.0	0.0	0.0
Aurantimonas	0.0	0.0	0.0	0.0	0.0	0.0	0.0	0.0	0.18301	0.0	0.0	0.0	0.0	0.0	0.0	0.0	0.0	0.0	0.0	0.0	0.0
Marinomonas	0.0	0.0	0.0	0.0	0.0	0.0	0.0	0.0	0.16976	0.0	0.0	0.0	0.0	0.0	0.0	0.0	0.0	0.0	0.0	0.0	6.60042
Psychrobacter	0.0	0.0	0.0	0.0	0.0	0.0	0.0	0.0	0.14645	0.0	0.0	0.0	0.0	0.0	0.0	0.0	0.0	0.0	0.0	0.0	2.48449
Agrobacterium	0.0	0.0	0.0	0.0	0.0	0.0	0.0	0.0	0.10272	0.0	0.0	0.0	0.0	0.0	0.0	0.0	0.0	0.0	0.0	0.0	0.0
Novilysobacter	0.0	0.0	0.0	0.0	0.0	0.0	0.0	0.0	0.08917	0.0	0.0	0.0	0.0	0.0	0.0	0.0	0.0	0.0	0.0	0.0	0.0
GGB8111	0.0	0.0	0.0	0.0	0.0	0.0	0.0	0.0	0.05305	0.0	0.0	0.0	0.0	0.0	0.0	0.0	0.0	0.0	0.0	0.0	0.22459
GGB31227	0.0	0.0	0.0	0.0	0.0	0.0	0.0	0.0	0.04223	0.0	0.0	0.0	0.0	0.0	0.0	0.0	0.0	0.0	0.0	0.0	0.0
Ciceribacter	0.0	0.0	0.0	0.0	0.0	0.0	0.0	0.0	0.03964	0.0	0.0	0.0	0.0	0.0	0.0	0.0	0.0	0.0	0.0	0.0	0.0
Salinimicrobium	0.0	0.0	0.0	0.0	0.0	0.0	0.0	0.0	0.03447	0.0	0.0	0.0	0.0	0.0	0.0	0.0	0.0	0.0	0.0	0.0	0.0
Flavimobilis	0.0	0.0	0.0	0.0	0.0	0.0	0.0	0.0	0.03316	0.0	0.0	0.0	0.0	0.0	0.0	0.0	0.0	0.0	0.0	0.0	0.0
GGB74495	0.0	0.0	0.0	0.0	0.0	0.0	0.0	0.0	0.03292	0.58791	2.49063	0.18722	0.0	0.0	0.0	0.0	0.0	0.0	0.0	0.0	0.0
Cereibacter	0.0	0.0	0.0	0.0	0.0	0.0	0.0	0.0	0.03156	0.0	0.0	0.0	0.0	0.0	0.0	0.0	0.0	0.0	0.0	0.0	0.0
GGB49844	0.0	0.0	0.0	0.0	0.0	0.0	0.0	0.0	0.02729	0.01082	0.0	0.0	0.0	0.0	0.0	0.0	0.0	0.0	0.0	0.0	0.0
Hydrogenophaga	0.0	0.0	0.0	0.0	0.0	0.0	0.0	0.0	0.02625	0.0	0.0	0.0	0.0	0.0	0.0	0.0	0.0	0.0	0.0	0.0	0.0
Flavobacterium	0.0	0.0	0.0	0.0	0.0	0.0	0.0	0.0	0.02125	0.0	0.0	0.0	0.0	0.0	0.0	0.0	0.0	0.0	0.0	0.0	0.0
Pseudidiomarina	0.0	0.0	0.0	0.0	0.0	0.0	0.0	0.0	0.01809	0.0	0.0	0.0	0.0	0.0	0.0	0.0	0.0	0.0	0.0	0.0	0.0
GGB82574	0.0	0.0	0.0	0.0	0.0	0.0	0.0	0.0	0.01464	0.01686	0.13079	0.0	0.0	0.0	0.0	0.0	0.0	0.0	0.0	0.0	0.0
GGB31253	0.0	0.0	0.0	0.0	0.0	0.0	0.0	0.0	0.0127	0.0	0.03742	0.0	0.0	0.0	0.0	0.0	0.0	0.0	0.0	0.0	0.0
Planomicrobium	0.0	0.0	0.0	0.0	0.0	0.0	0.0	0.0	0.00893	0.0	0.0	0.0	0.0	0.0	0.0	0.0	0.0	0.0	0.0	0.0	0.0
GGB72500	0.0	0.0	0.0	0.0	0.0	0.0	0.0	0.0	0.00601	0.0	0.0	0.0	0.0	0.0	0.0	0.0	0.0	0.0	0.0	0.0	0.0
Mycetocola	0.0	0.0	0.0	0.0	0.0	0.0	0.0	0.0	0.00465	0.0	0.0	0.0	0.0	0.0	0.0	0.0	0.0	0.0003	0.0	0.0	0.0
Aureimonas	0.0	0.0	0.0	0.0	0.0	0.0	0.0	0.0	0.00405	0.0	0.0	0.0	0.0	0.0	0.0	0.0	0.0	0.0	0.0	0.0	0.0
Luteimonas	0.0	0.0	0.0	0.0	0.0	0.0	0.0	0.0	0.00297	0.0	0.0	0.0	0.0	0.0	0.0	0.0	0.0	0.0	0.0	0.0	0.0
Frigidibacter	0.0	0.0	0.0	0.0	0.0	0.0	0.0	0.0	0.00159	0.0	0.0	0.0	0.0	0.0	0.0	0.0	0.0	0.0	0.0	0.0	0.0
GGB24369	0.0	0.0	0.0	0.0	0.0	0.0	0.0	0.0	0.00058	0.0	0.0	0.0	0.0	0.0	0.0	0.0	0.0	0.0	0.0	0.0	0.0
GGB36032	0.0	0.0	0.0	0.0	0.0	0.0	0.0	0.0	0.00056	0.0	0.0	0.0	0.0	0.0	0.0	0.0	0.0	0.0	0.0	0.0	0.0
GGB78892	0.0	0.0	0.0	0.0	0.30611	0.10345	0.0337	0.03631	0.00014	0.00025	0.00038	0.0109	0.0	0.0	0.0	0.0	0.0	0.0	0.0	0.0	0.0
Lachnospiraceae_unclassified	0.0	0.0	0.0	0.0	0.0	0.0	0.0	0.0	0.0	0.12601	0.20312	0.03341	0.0	0.0	0.0	0.0	0.0	0.0	0.0	0.0	0.0
GGB79019	0.0	0.0	0.0	0.0	0.0	0.0	0.0	0.0	0.0	0.02489	0.0	0.0	0.0	0.0	0.0	0.0	0.0	0.0	0.0	0.0	0.0
GGB33539	0.0	0.0	0.0	0.0	0.0	0.0	0.0	0.0	0.0	0.0114	0.00289	0.0	0.0	0.0	0.0	0.0	0.0	0.0	0.0	0.0	0.0
GGB83086	0.0	0.0	0.0	0.0	0.0	0.0	0.0	0.0	0.0	0.0	0.59213	0.0	0.0	0.0	0.0	0.0	0.0	0.0	0.0	0.0	0.0
GGB6585	0.0	0.0	0.0	0.0	0.0	0.0	0.0	0.0	0.0	0.0	0.35405	0.0	0.0	0.0	0.0	0.0	0.0	0.0	0.0	0.0	0.0
GGB79055	0.0	0.0	0.0	0.0	0.0	0.0	0.0	0.0	0.0	0.0	0.14917	0.01297	0.0	0.0	0.0	0.0	0.0	0.01488	0.0	0.0	0.0
GGB52308	0.0	0.0	0.0	0.0	0.0	0.0	0.0	0.0	0.0	0.0	0.04315	0.0	0.0	0.0	0.0	0.0	0.0	0.0	0.0	0.0	0.0
Actinomyces	0.0	0.0	0.0	0.0	0.0	0.0	0.0	0.0	0.0	0.0	0.03578	0.00399	0.0	0.0	0.0	0.0	0.0	0.01208	0.00015	0.0	0.0
Corynebacterium	0.0	0.0	0.0	0.0	0.0	0.0	0.0	0.0	0.0	0.0	0.01609	0.0	0.0	0.0	0.0	0.0	0.0	0.0	0.0	0.0	0.0
GGB63911	0.0	0.0	0.0	0.0	0.0	0.0	0.0	0.0	0.0	0.0	0.01064	0.0	0.0	0.0	0.0	0.0	0.0	0.0	0.0	0.0	0.0
Prevotellaceae_unclassified	0.0	0.0	0.0	0.0	0.0	0.0	0.0	0.0	0.0	0.0	0.00901	0.0	0.0	0.0	0.0	0.0	0.0	0.0	0.0	0.0	0.0
Kocuria	0.0	0.0	0.0	0.0	0.0	0.0	0.0	0.0	0.0	0.0	0.00491	0.0	0.0	0.0	0.0	0.0	0.0	0.0	0.0	0.0	0.0
GGB49858	0.0	0.0	0.0	0.0	0.0	0.0	0.0	0.0	0.0	0.0	0.00475	0.0	0.0	0.0	0.0	0.0	0.0	0.0	0.0	0.0	0.0
GGB13743	0.0	0.0	0.0	0.0	0.0	0.0	0.0	0.0	0.0	0.0	0.00458	0.0	0.0	0.0	0.0	0.0	0.0	0.0	0.0	0.0	0.0
GGB24069	0.0	0.0	0.0	0.0	0.0	0.0	0.0	0.0	0.0	0.0	0.00419	0.0	0.0	0.0	0.0	0.0	0.0	0.0	0.0	0.0	0.0
GGB115276	0.0	0.0	0.0	0.0	0.0	0.0	0.0	0.0	0.0	0.0	0.0015	0.0	0.0	0.0	0.0	0.0	0.0	0.0	0.0	0.0	0.0
GGB121912	0.0	0.0	0.0	0.0	0.0	0.0	0.0	0.0	0.0	0.0	0.00139	0.0	0.0	0.0	0.0	0.0	0.0	0.0	0.0	0.0	0.0
GGB25967	0.0	0.0	0.0	0.0	0.0	0.0	0.0	0.0	0.0	0.0	0.00075	0.0	0.0	0.0	0.0	0.0	0.0	0.0	0.0	0.0	0.0
GGB24075	0.0	0.0	0.0	0.0	0.0	0.0	0.0	0.0	0.0	0.0	0.0	0.03906	0.0	0.0	0.0	0.0	0.0	0.0	0.0	0.0	0.0
GGB38029	0.0	0.0	0.0	0.0	0.0	0.0	0.0	0.0	0.0	0.0	0.0	0.01401	0.0	0.0	0.0	0.0	0.0	0.0	0.0	0.0	0.0
GGB119581	0.0	0.0	0.0	0.0	0.0	0.0	0.0	0.0	0.0	0.0	0.0	0.00878	0.0	0.0	0.0	0.0	0.0	0.0	0.0	0.0	0.0
GGB10665	0.0	0.0	0.0	0.0	0.0	0.0	0.0	0.0	0.0	0.0	0.0	0.00543	0.0	0.0	0.0	0.0	0.0	0.0	0.0	0.0	0.0
GGB112901	0.0	0.0	0.0	0.0	1.03299	0.04953	1.27635	1.91953	0.0	0.0	0.0	0.0	0.0	0.0	0.0	0.0	0.0	0.0	0.0	0.0	0.0
GGB23916	0.0	0.0	0.0	0.0	0.98189	5.12344	2.64381	10.42122	0.0	0.0	0.0	0.0	0.0	0.0	0.0	0.0	0.0	0.0	0.0	0.0	0.0
GGB49339	0.0	0.0	0.0	0.0	0.00422	0.0	0.0	0.0	0.0	0.0	0.0	0.0	0.0	0.0	0.0	0.0	0.0	0.0	0.0	0.0	0.0
GGB24062	0.0	0.0	0.0	0.0	0.0	20.89008	16.44682	0.36158	0.0	0.0	0.0	0.0	0.0	0.0	0.0	0.0	0.0	0.0	0.0	0.0	0.0
GGB51540	0.0	0.0	0.0	0.0	0.0	0.0	0.00561	0.00581	0.0	0.0	0.0	0.0	0.0	0.0	0.0	0.0	0.0	0.0	0.0	0.0	0.0
Phormidium	0.0	0.0	0.0	0.0	0.0	0.0	0.0	0.0292	0.0	0.0	0.0	0.0	0.0	0.0	0.0	0.0	0.0	0.0	0.0	0.0	0.0
Streptococcus	0.0	0.0	0.0	0.0	0.0	0.0	0.0	0.02734	0.0	0.0	0.0	0.0	0.0	0.0	0.0	0.0	0.0	0.00147	0.0	0.0	0.0
Tychonema	0.0	0.0	0.0	0.0	0.0	0.0	0.0	0.02324	0.0	0.0	0.0	0.0	0.0	0.0	0.0	0.0	0.0	0.0	0.0	0.0	0.0
Microcoleus	0.0	0.0	0.0	0.0	0.0	0.0	0.0	0.01745	0.0	0.0	0.0	0.0	0.0	0.0	0.0	0.0	0.0	0.0	0.0	0.0	0.0
GGB51859	0.0	0.0	0.0	0.0	0.0	0.0	0.0	0.00082	0.0	0.0	0.0	0.0	0.0	0.0	0.0	0.0	0.0	0.0	0.0	0.0	0.0
Pseudoalteromonas	0.0	0.0	0.0	0.0	0.0	0.0	0.0	0.0	0.0	0.0	0.0	0.0	0.0	0.0	0.0	0.0	0.0	0.0	0.0	0.0	25.24482
Oceanisphaera	0.0	0.0	0.0	0.0	0.0	0.0	0.0	0.0	0.0	0.0	0.0	0.0	0.0	0.0	0.0	0.0	0.0	0.0	0.0	0.0	14.4697
Campylobacter	0.0	0.0	0.0	0.0	0.0	0.0	0.0	0.0	0.0	0.0	0.0	0.0	0.0	0.0	0.0	0.0	0.0	0.0	1.90619	0.0	6.44739
GGB49462	0.0	0.0	0.0	0.0	0.0	0.0	0.0	0.0	0.0	0.0	0.0	0.0	0.0	0.0	0.0	0.0	0.0	0.0	0.0	0.0	5.5817
GGB69577	0.0	0.0	0.0	0.0	0.0	0.0	0.0	0.0	0.0	0.0	0.0	0.0	0.0	0.0	0.0	0.0	0.0	0.0	0.0	0.0	3.85678
Halomonas	0.0	0.0	0.0	0.0	0.0	0.0	0.0	0.0	0.0	0.0	0.0	0.0	0.0	0.0	0.0	0.0	0.0	0.0	0.0	0.0	3.65412
Vreelandella	0.0	0.0	0.0	0.0	0.0	0.0	0.0	0.0	0.0	0.0	0.0	0.0	0.0	0.0	0.0	0.0	0.0	0.0	0.0	0.0	0.26559
Cellvibrio	0.0	0.0	0.0	0.0	0.0	0.0	0.0	0.0	0.0	0.0	0.0	0.0	0.0	0.0	0.0	0.0	0.0	0.0	0.0	0.0	0.23716
Algoriphagus	0.0	0.0	0.0	0.0	0.0	0.0	0.0	0.0	0.0	0.0	0.0	0.0	0.0	0.0	0.0	0.0	0.0	0.0	0.0	0.0	0.2348
GGB66792	0.0	0.0	0.0	0.0	0.0	0.0	0.0	0.0	0.0	0.0	0.0	0.0	0.0	0.0	0.0	0.0	0.0	0.0	0.0	0.0	0.20375
Nitrincola	0.0	0.0	0.0	0.0	0.0	0.0	0.0	0.0	0.0	0.0	0.0	0.0	0.0	0.0	0.0	0.0	0.0	0.0	0.0	0.0	0.18621
Halolactibacillus	0.0	0.0	0.0	0.0	0.0	0.0	0.0	0.0	0.0	0.0	0.0	0.0	0.0	0.0	0.0	0.0	0.0	0.0	0.0	0.0	0.13629
Exiguobacterium	0.0	0.0	0.0	0.0	0.0	0.0	0.0	0.0	0.0	0.0	0.0	0.0	0.0	0.0	0.0	0.0	0.0	0.0	0.0	0.0	0.07987
Aeromonas	0.0	0.0	0.0	0.0	0.0	0.0	0.0	0.0	0.0	0.0	0.0	0.0	0.0	0.0	0.0	0.0	0.0	0.0	0.0	0.0	0.06567
Alishewanella	0.0	0.0	0.0	0.0	0.0	0.0	0.0	0.0	0.0	0.0	0.0	0.0	0.0	0.0	0.0	0.0	0.0	0.0	0.0	0.0	0.04575
Idiomarina	0.0	0.0	0.0	0.0	0.0	0.0	0.0	0.0	0.0	0.0	0.0	0.0	0.0	0.0	0.0	0.0	0.0	0.0	0.0	0.0	0.04444
Zhongshania	0.0	0.0	0.0	0.0	0.0	0.0	0.0	0.0	0.0	0.0	0.0	0.0	0.0	0.0	0.0	0.0	0.0	0.0	0.0	0.0	0.04252
Vibrio	0.0	0.0	0.0	0.0	0.0	0.0	0.0	0.0	0.0	0.0	0.0	0.0	0.0	0.0	0.0	0.0	0.0	0.0	0.0	0.0	0.04088
Saccharospirillum	0.0	0.0	0.0	0.0	0.0	0.0	0.0	0.0	0.0	0.0	0.0	0.0	0.0	0.0	0.0	0.0	0.0	0.0	0.0	0.0	0.03784
GGB96018	0.0	0.0	0.0	0.0	0.0	0.0	0.0	0.0	0.0	0.0	0.0	0.0	0.0	0.0	0.0	0.0	0.0	0.0	0.0	0.0	0.03607
GGB25760	0.0	0.0	0.0	0.0	0.0	0.0	0.0	0.0	0.0	0.0	0.0	0.0	0.0	0.0	0.0	0.0	0.0	0.0	0.0	0.0	0.01985
Salegentibacter	0.0	0.0	0.0	0.0	0.0	0.0	0.0	0.0	0.0	0.0	0.0	0.0	0.0	0.0	0.0	0.0	0.0	0.0	0.0	0.0	0.01936
Fusobacterium	0.0	0.0	0.0	0.0	0.0	0.0	0.0	0.0	0.0	0.0	0.0	0.0	0.0	0.0	0.0	0.0	0.0	0.0	0.0	0.0	0.01809
Anabaena	0.0	0.0	0.0	0.0	0.0	0.0	0.0	0.0	0.0	0.0	0.0	0.0	0.0	0.0	0.0	0.0	0.0	0.0	0.0	0.0	0.01732
GGB78370	0.0	0.0	0.0	0.0	0.0	0.0	0.0	0.0	0.0	0.0	0.0	0.0	0.0	0.0	0.0	0.0	0.0	0.0	0.0	0.0	0.01603
Paracoccus	0.0	0.0	0.0	0.0	0.0	0.0	0.0	0.0	0.0	0.0	0.0	0.0	0.0	0.0	0.0	0.0	0.0	0.0	0.0	0.0	0.00865
Microcella	0.0	0.0	0.0	0.0	0.0	0.0	0.0	0.0	0.0	0.0	0.0	0.0	0.0	0.0	0.0	0.0	0.0	0.0	0.0	0.0	0.00642
Paraliobacillus	0.0	0.0	0.0	0.0	0.0	0.0	0.0	0.0	0.0	0.0	0.0	0.0	0.0	0.0	0.0	0.0	0.0	0.0	0.0	0.0	0.00146
Helicobacter	0.0	0.0	0.0	0.0	0.0	0.0	0.0	0.0	0.0	0.0	0.0	0.0	0.0	0.0	0.0	0.0	0.0	0.0	0.0	0.0	0.00085
GGB50354	0.0	0.0	0.0	0.0	0.0	0.0	0.0	0.0	0.0	0.0	0.0	0.0	0.0	0.0	0.0	0.0	13.29589	4.38236	1.19802	2.70014	0.0
GGB142839	0.0	0.0	0.0	0.0	0.0	0.0	0.0	0.0	0.0	0.0	0.0	0.0	0.0	0.0	0.0	0.0	6.75472	0.08208	1.82387	1.40118	0.0
GGB82184	0.0	0.0	0.0	0.0	0.0	0.0	0.0	0.0	0.0	0.0	0.0	0.0	0.0	0.0	0.0	0.0	5.95126	0.0	0.0	0.0	0.0
GGB143174	0.0	0.0	0.0	0.0	0.0	0.0	0.0	0.0	0.0	0.0	0.0	0.0	0.0	0.0	0.0	0.0	5.41272	0.0	0.0	0.0	0.0
GGB70896	0.0	0.0	0.0	0.0	0.0	0.0	0.0	0.0	0.0	0.0	0.0	0.0	0.0	0.0	0.0	0.0	3.32235	0.0	0.0	0.0	0.0
GGB76406	0.0	0.0	0.0	0.0	0.0	0.0	0.0	0.0	0.0	0.0	0.0	0.0	0.0	0.0	0.0	0.0	2.50931	0.10408	0.1259	0.82847	0.0
GGB81703	0.0	0.0	0.0	0.0	0.0	0.0	0.0	0.0	0.0	0.0	0.0	0.0	0.0	0.0	0.0	0.0	2.37531	1.45268	0.09507	0.25335	0.0
GGB100629	0.0	0.0	0.0	0.0	0.0	0.0	0.0	0.0	0.0	0.0	0.0	0.0	0.0	0.0	0.0	0.0	1.82256	1.18255	0.59154	1.24233	0.0
GGB101751	0.0	0.0	0.0	0.0	0.0	0.0	0.0	0.0	0.0	0.0	0.0	0.0	0.0	0.0	0.0	0.0	1.50373	0.3096	0.31739	1.21157	0.0
GGB84082	0.0	0.0	0.0	0.0	0.0	0.0	0.0	0.0	0.0	0.0	0.0	0.0	0.0	0.0	0.0	0.0	1.38134	0.02694	1.31472	0.13246	0.0
GGB70881	0.0	0.0	0.0	0.0	0.0	0.0	0.0	0.0	0.0	0.0	0.0	0.0	0.0	0.0	0.0	0.0	1.36843	0.0	0.0	0.69141	0.0
GGB101188	0.0	0.0	0.0	0.0	0.0	0.0	0.0	0.0	0.0	0.0	0.0	0.0	0.0	0.0	0.0	0.0	1.08788	0.18334	0.76478	0.88155	0.0
GGB49965	0.0	0.0	0.0	0.0	0.0	0.0	0.0	0.0	0.0	0.0	0.0	0.0	0.0	0.0	0.0	0.0	1.04705	2.23014	3.08014	2.95867	0.0
GGB82769	0.0	0.0	0.0	0.0	0.0	0.0	0.0	0.0	0.0	0.0	0.0	0.0	0.0	0.0	0.0	0.0	0.92045	0.0	0.0	0.0	0.0
GGB82167	0.0	0.0	0.0	0.0	0.0	0.0	0.0	0.0	0.0	0.0	0.0	0.0	0.0	0.0	0.0	0.0	0.85143	1.12386	0.83128	0.51147	0.0
GGB42461	0.0	0.0	0.0	0.0	0.0	0.0	0.0	0.0	0.0	0.0	0.0	0.0	0.0	0.0	0.0	0.0	0.71534	0.0	0.04311	0.03926	0.0
GGB101202	0.0	0.0	0.0	0.0	0.0	0.0	0.0	0.0	0.0	0.0	0.0	0.0	0.0	0.0	0.0	0.0	0.70914	0.16979	0.13759	0.12109	0.0
GGB141900	0.0	0.0	0.0	0.0	0.0	0.0	0.0	0.0	0.0	0.0	0.0	0.0	0.0	0.0	0.0	0.0	0.68011	0.39728	0.17022	0.40896	0.0
GGB84720	0.0	0.0	0.0	0.0	0.0	0.0	0.0	0.0	0.0	0.0	0.0	0.0	0.0	0.0	0.0	0.0	0.63859	0.0	0.02327	0.02318	0.0
GGB100875	0.0	0.0	0.0	0.0	0.0	0.0	0.0	0.0	0.0	0.0	0.0	0.0	0.0	0.0	0.0	0.0	0.57416	0.02606	7.56942	0.65562	0.0
GGB81678	0.0	0.0	0.0	0.0	0.0	0.0	0.0	0.0	0.0	0.0	0.0	0.0	0.0	0.0	0.0	0.0	0.55339	0.12891	0.27625	0.11698	0.0
GGB54055	0.0	0.0	0.0	0.0	0.0	0.0	0.0	0.0	0.0	0.0	0.0	0.0	0.0	0.0	0.0	0.0	0.46254	0.09378	0.91136	0.85956	0.0
GGB85069	0.0	0.0	0.0	0.0	0.0	0.0	0.0	0.0	0.0	0.0	0.0	0.0	0.0	0.0	0.0	0.0	0.41157	0.95049	0.46849	0.42441	0.0
GGB99546	0.0	0.0	0.0	0.0	0.0	0.0	0.0	0.0	0.0	0.0	0.0	0.0	0.0	0.0	0.0	0.0	0.39288	0.03868	0.13253	0.34404	0.0
GGB56525	0.0	0.0	0.0	0.0	0.0	0.0	0.0	0.0	0.0	0.0	0.0	0.0	0.0	0.0	0.0	0.0	0.30431	0.0	0.0	0.0	0.0
GGB82392	0.0	0.0	0.0	0.0	0.0	0.0	0.0	0.0	0.0	0.0	0.0	0.0	0.0	0.0	0.0	0.0	0.28896	0.33473	0.10015	0.15304	0.0
GGB141072	0.0	0.0	0.0	0.0	0.0	0.0	0.0	0.0	0.0	0.0	0.0	0.0	0.0	0.0	0.0	0.0	0.26016	0.61456	1.38035	2.71946	0.0
GGB81675	0.0	0.0	0.0	0.0	0.0	0.0	0.0	0.0	0.0	0.0	0.0	0.0	0.0	0.0	0.0	0.0	0.24464	0.21667	0.17991	0.46213	0.0
GGB87499	0.0	0.0	0.0	0.0	0.0	0.0	0.0	0.0	0.0	0.0	0.0	0.0	0.0	0.0	0.0	0.0	0.22945	0.07724	0.20391	0.10417	0.0
GGB70803	0.0	0.0	0.0	0.0	0.0	0.0	0.0	0.0	0.0	0.0	0.0	0.0	0.0	0.0	0.0	0.0	0.19943	1.72581	0.16558	0.6744	0.0
GGB82595	0.0	0.0	0.0	0.0	0.0	0.0	0.0	0.0	0.0	0.0	0.0	0.0	0.0	0.0	0.0	0.0	0.18874	0.06464	0.16903	0.00796	0.0
GGB139580	0.0	0.0	0.0	0.0	0.0	0.0	0.0	0.0	0.0	0.0	0.0	0.0	0.0	0.0	0.0	0.0	0.18452	21.16988	0.0097	0.40052	0.0
GGB77015	0.0	0.0	0.0	0.0	0.0	0.0	0.0	0.0	0.0	0.0	0.0	0.0	0.0	0.0	0.0	0.0	0.17148	0.30026	0.09528	0.03443	0.0
GGB70682	0.0	0.0	0.0	0.0	0.0	0.0	0.0	0.0	0.0	0.0	0.0	0.0	0.0	0.0	0.0	0.0	0.16003	0.0	0.05101	0.10162	0.0
GGB99547	0.0	0.0	0.0	0.0	0.0	0.0	0.0	0.0	0.0	0.0	0.0	0.0	0.0	0.0	0.0	0.0	0.15867	0.06177	0.11338	1.01916	0.0
GGB86831	0.0	0.0	0.0	0.0	0.0	0.0	0.0	0.0	0.0	0.0	0.0	0.0	0.0	0.0	0.0	0.0	0.15563	0.0	0.0	0.00375	0.0
GGB68827	0.0	0.0	0.0	0.0	0.0	0.0	0.0	0.0	0.0	0.0	0.0	0.0	0.0	0.0	0.0	0.0	0.15281	0.0	0.0	0.0	0.0
GGB70878	0.0	0.0	0.0	0.0	0.0	0.0	0.0	0.0	0.0	0.0	0.0	0.0	0.0	0.0	0.0	0.0	0.14737	0.0	0.0	0.0	0.0
GGB82583	0.0	0.0	0.0	0.0	0.0	0.0	0.0	0.0	0.0	0.0	0.0	0.0	0.0	0.0	0.0	0.0	0.12178	0.0	0.0	0.0	0.0
GGB119068	0.0	0.0	0.0	0.0	0.0	0.0	0.0	0.0	0.0	0.0	0.0	0.0	0.0	0.0	0.0	0.0	0.11857	0.03743	0.0	0.01068	0.0
GGB81837	0.0	0.0	0.0	0.0	0.0	0.0	0.0	0.0	0.0	0.0	0.0	0.0	0.0	0.0	0.0	0.0	0.11792	0.4509	0.10144	0.18367	0.0
GGB58234	0.0	0.0	0.0	0.0	0.0	0.0	0.0	0.0	0.0	0.0	0.0	0.0	0.0	0.0	0.0	0.0	0.11536	0.04791	0.01886	0.00988	0.0
GGB56395	0.0	0.0	0.0	0.0	0.0	0.0	0.0	0.0	0.0	0.0	0.0	0.0	0.0	0.0	0.0	0.0	0.07965	0.72449	0.14361	0.09262	0.0
GGB70876	0.0	0.0	0.0	0.0	0.0	0.0	0.0	0.0	0.0	0.0	0.0	0.0	0.0	0.0	0.0	0.0	0.07869	0.09263	0.05312	0.09726	0.0
GGB116067	0.0	0.0	0.0	0.0	0.0	0.0	0.0	0.0	0.0	0.0	0.0	0.0	0.0	0.0	0.0	0.0	0.07561	0.04592	0.09701	0.0093	0.0
GGB56388	0.0	0.0	0.0	0.0	0.0	0.0	0.0	0.0	0.0	0.0	0.0	0.0	0.0	0.0	0.0	0.0	0.07367	0.0	0.0	0.0	0.0
GGB56310	0.0	0.0	0.0	0.0	0.0	0.0	0.0	0.0	0.0	0.0	0.0	0.0	0.0	0.0	0.0	0.0	0.07309	0.9609	0.0961	0.47431	0.0
GGB33039	0.0	0.0	0.0	0.0	0.0	0.0	0.0	0.0	0.0	0.0	0.0	0.0	0.0	0.0	0.0	0.0	0.06422	0.1352	0.07515	0.03134	0.0
GGB79095	0.0	0.0	0.0	0.0	0.0	0.0	0.0	0.0	0.0	0.0	0.0	0.0	0.0	0.0	0.0	0.0	0.06267	0.06618	0.00235	0.0	0.0
GGB70900	0.0	0.0	0.0	0.0	0.0	0.0	0.0	0.0	0.0	0.0	0.0	0.0	0.0	0.0	0.0	0.0	0.053	0.04291	0.04209	0.04572	0.0
GGB51267	0.0	0.0	0.0	0.0	0.0	0.0	0.0	0.0	0.0	0.0	0.0	0.0	0.0	0.0	0.0	0.0	0.05287	0.00037	0.02587	0.0396	0.0
GGB84415	0.0	0.0	0.0	0.0	0.0	0.0	0.0	0.0	0.0	0.0	0.0	0.0	0.0	0.0	0.0	0.0	0.0482	0.0	0.0	0.0	0.0
GGB70534	0.0	0.0	0.0	0.0	0.0	0.0	0.0	0.0	0.0	0.0	0.0	0.0	0.0	0.0	0.0	0.0	0.04785	0.12662	0.02263	0.01075	0.0
GGB85456	0.0	0.0	0.0	0.0	0.0	0.0	0.0	0.0	0.0	0.0	0.0	0.0	0.0	0.0	0.0	0.0	0.04619	0.02679	0.07257	0.20681	0.0
GGB82590	0.0	0.0	0.0	0.0	0.0	0.0	0.0	0.0	0.0	0.0	0.0	0.0	0.0	0.0	0.0	0.0	0.04381	0.0	0.01853	0.05329	0.0
GGB78491	0.0	0.0	0.0	0.0	0.0	0.0	0.0	0.0	0.0	0.0	0.0	0.0	0.0	0.0	0.0	0.0	0.03924	0.15689	0.53453	0.06424	0.0
GGB87127	0.0	0.0	0.0	0.0	0.0	0.0	0.0	0.0	0.0	0.0	0.0	0.0	0.0	0.0	0.0	0.0	0.0302	0.09624	0.0123	0.0	0.0
GGB78599	0.0	0.0	0.0	0.0	0.0	0.0	0.0	0.0	0.0	0.0	0.0	0.0	0.0	0.0	0.0	0.0	0.03017	0.0	0.0	0.0	0.0
GGB84353	0.0	0.0	0.0	0.0	0.0	0.0	0.0	0.0	0.0	0.0	0.0	0.0	0.0	0.0	0.0	0.0	0.02659	0.17721	0.23	0.04933	0.0
GGB76404	0.0	0.0	0.0	0.0	0.0	0.0	0.0	0.0	0.0	0.0	0.0	0.0	0.0	0.0	0.0	0.0	0.02632	0.49088	0.31232	0.59862	0.0
GGB68814	0.0	0.0	0.0	0.0	0.0	0.0	0.0	0.0	0.0	0.0	0.0	0.0	0.0	0.0	0.0	0.0	0.02537	0.00458	0.00193	0.0	0.0
GGB79288	0.0	0.0	0.0	0.0	0.0	0.0	0.0	0.0	0.0	0.0	0.0	0.0	0.0	0.0	0.0	0.0	0.02449	0.01261	0.0033	0.00213	0.0
GGB86302	0.0	0.0	0.0	0.0	0.0	0.0	0.0	0.0	0.0	0.0	0.0	0.0	0.0	0.0	0.0	0.0	0.02211	0.205	0.36044	0.00656	0.0
GGB69929	0.0	0.0	0.0	0.0	0.0	0.0	0.0	0.0	0.0	0.0	0.0	0.0	0.0	0.0	0.0	0.0	0.02015	0.0	0.0	0.0	0.0
GGB84860	0.0	0.0	0.0	0.0	0.0	0.0	0.0	0.0	0.0	0.0	0.0	0.0	0.0	0.0	0.0	0.0	0.0198	0.04347	0.1633	0.38983	0.0
GGB82736	0.0	0.0	0.0	0.0	0.0	0.0	0.0	0.0	0.0	0.0	0.0	0.0	0.0	0.0	0.0	0.0	0.01921	0.01196	0.04455	0.03781	0.0
GGB69931	0.0	0.0	0.0	0.0	0.0	0.0	0.0	0.0	0.0	0.0	0.0	0.0	0.0	0.0	0.0	0.0	0.01711	0.12545	0.5951	0.15836	0.0
GGB13509	0.0	0.0	0.0	0.0	0.0	0.0	0.0	0.0	0.0	0.0	0.0	0.0	0.0	0.0	0.0	0.0	0.01449	0.07846	0.03819	0.01942	0.0
GGB114938	0.0	0.0	0.0	0.0	0.0	0.0	0.0	0.0	0.0	0.0	0.0	0.0	0.0	0.0	0.0	0.0	0.01082	0.0	0.04195	0.17222	0.0
GGB79023	0.0	0.0	0.0	0.0	0.0	0.0	0.0	0.0	0.0	0.0	0.0	0.0	0.0	0.0	0.0	0.0	0.00892	0.0	0.0	0.0	0.0
GGB114701	0.0	0.0	0.0	0.0	0.0	0.0	0.0	0.0	0.0	0.0	0.0	0.0	0.0	0.0	0.0	0.0	0.0089	0.0	0.0	0.0	0.0
GGB79082	0.0	0.0	0.0	0.0	0.0	0.0	0.0	0.0	0.0	0.0	0.0	0.0	0.0	0.0	0.0	0.0	0.00888	0.00204	0.00058	0.00595	0.0
GGB70675	0.0	0.0	0.0	0.0	0.0	0.0	0.0	0.0	0.0	0.0	0.0	0.0	0.0	0.0	0.0	0.0	0.00873	0.0	0.01618	0.00045	0.0
GGB84508	0.0	0.0	0.0	0.0	0.0	0.0	0.0	0.0	0.0	0.0	0.0	0.0	0.0	0.0	0.0	0.0	0.00738	0.10234	0.03734	0.01266	0.0
GGB79294	0.0	0.0	0.0	0.0	0.0	0.0	0.0	0.0	0.0	0.0	0.0	0.0	0.0	0.0	0.0	0.0	0.00692	0.00782	0.01394	0.02186	0.0
GGB79170	0.0	0.0	0.0	0.0	0.0	0.0	0.0	0.0	0.0	0.0	0.0	0.0	0.0	0.0	0.0	0.0	0.00687	0.02721	0.01274	0.02184	0.0
GGB113957	0.0	0.0	0.0	0.0	0.0	0.0	0.0	0.0	0.0	0.0	0.0	0.0	0.0	0.0	0.0	0.0	0.00674	0.05005	0.0082	0.02034	0.0
GGB84637	0.0	0.0	0.0	0.0	0.0	0.0	0.0	0.0	0.0	0.0	0.0	0.0	0.0	0.0	0.0	0.0	0.00605	0.0	0.01969	0.01961	0.0
GGB85941	0.0	0.0	0.0	0.0	0.0	0.0	0.0	0.0	0.0	0.0	0.0	0.0	0.0	0.0	0.0	0.0	0.00598	0.0127	0.01567	0.01121	0.0
GGB100436	0.0	0.0	0.0	0.0	0.0	0.0	0.0	0.0	0.0	0.0	0.0	0.0	0.0	0.0	0.0	0.0	0.00569	0.0	0.0	0.0	0.0
GGB58129	0.0	0.0	0.0	0.0	0.0	0.0	0.0	0.0	0.0	0.0	0.0	0.0	0.0	0.0	0.0	0.0	0.00443	0.05569	0.02344	0.01345	0.0
GGB79068	0.0	0.0	0.0	0.0	0.0	0.0	0.0	0.0	0.0	0.0	0.0	0.0	0.0	0.0	0.0	0.0	0.00393	0.01184	0.04593	0.01398	0.0
GGB58251	0.0	0.0	0.0	0.0	0.0	0.0	0.0	0.0	0.0	0.0	0.0	0.0	0.0	0.0	0.0	0.0	0.00382	0.0	0.00473	0.0	0.0
GGB86285	0.0	0.0	0.0	0.0	0.0	0.0	0.0	0.0	0.0	0.0	0.0	0.0	0.0	0.0	0.0	0.0	0.00352	0.00233	0.00422	0.00168	0.0
GGB79070	0.0	0.0	0.0	0.0	0.0	0.0	0.0	0.0	0.0	0.0	0.0	0.0	0.0	0.0	0.0	0.0	0.00323	0.06366	0.05437	0.03843	0.0
GGB58276	0.0	0.0	0.0	0.0	0.0	0.0	0.0	0.0	0.0	0.0	0.0	0.0	0.0	0.0	0.0	0.0	0.00322	0.0053	0.0	0.02839	0.0
GGB78744	0.0	0.0	0.0	0.0	0.0	0.0	0.0	0.0	0.0	0.0	0.0	0.0	0.0	0.0	0.0	0.0	0.00294	0.00329	6e-05	0.00096	0.0
GGB9241	0.0	0.0	0.0	0.0	0.0	0.0	0.0	0.0	0.0	0.0	0.0	0.0	0.0	0.0	0.0	0.0	0.00293	0.0	0.0	0.0	0.0
GGB70693	0.0	0.0	0.0	0.0	0.0	0.0	0.0	0.0	0.0	0.0	0.0	0.0	0.0	0.0	0.0	0.0	0.00261	0.0	0.10292	0.05238	0.0
GGB79008	0.0	0.0	0.0	0.0	0.0	0.0	0.0	0.0	0.0	0.0	0.0	0.0	0.0	0.0	0.0	0.0	0.00196	0.0	0.0	0.16494	0.0
GGB70526	0.0	0.0	0.0	0.0	0.0	0.0	0.0	0.0	0.0	0.0	0.0	0.0	0.0	0.0	0.0	0.0	0.0019	0.02249	0.0017	0.0	0.0
GGB79074	0.0	0.0	0.0	0.0	0.0	0.0	0.0	0.0	0.0	0.0	0.0	0.0	0.0	0.0	0.0	0.0	0.00178	0.00367	0.00046	0.00094	0.0
GGB141371	0.0	0.0	0.0	0.0	0.0	0.0	0.0	0.0	0.0	0.0	0.0	0.0	0.0	0.0	0.0	0.0	0.00174	0.19298	0.10674	0.04352	0.0
GGB70602	0.0	0.0	0.0	0.0	0.0	0.0	0.0	0.0	0.0	0.0	0.0	0.0	0.0	0.0	0.0	0.0	0.0017	0.0	0.0	0.0	0.0
GGB79217	0.0	0.0	0.0	0.0	0.0	0.0	0.0	0.0	0.0	0.0	0.0	0.0	0.0	0.0	0.0	0.0	0.00164	0.05649	0.10833	0.014	0.0
GGB58343	0.0	0.0	0.0	0.0	0.0	0.0	0.0	0.0	0.0	0.0	0.0	0.0	0.0	0.0	0.0	0.0	0.00155	0.0	0.0	0.0	0.0
GGB79268	0.0	0.0	0.0	0.0	0.0	0.0	0.0	0.0	0.0	0.0	0.0	0.0	0.0	0.0	0.0	0.0	0.00144	0.07362	0.04808	0.0	0.0
GGB83701	0.0	0.0	0.0	0.0	0.0	0.0	0.0	0.0	0.0	0.0	0.0	0.0	0.0	0.0	0.0	0.0	0.00132	0.0	0.00471	0.00156	0.0
GGB6624	0.0	0.0	0.0	0.0	0.0	0.0	0.0	0.0	0.0	0.0	0.0	0.0	0.0	0.0	0.0	0.0	0.00104	0.0	0.0	0.01477	0.0
GGB30811	0.0	0.0	0.0	0.0	0.0	0.0	0.0	0.0	0.0	0.0	0.0	0.0	0.0	0.0	0.0	0.0	0.00102	0.0	0.0	0.0	0.0
GGB70806	0.0	0.0	0.0	0.0	0.0	0.0	0.0	0.0	0.0	0.0	0.0	0.0	0.0	0.0	0.0	0.0	0.00091	0.0	0.0	0.0	0.0
GGB70664	0.0	0.0	0.0	0.0	0.0	0.0	0.0	0.0	0.0	0.0	0.0	0.0	0.0	0.0	0.0	0.0	0.0009	0.0	0.0	0.00257	0.0
GGB79455	0.0	0.0	0.0	0.0	0.0	0.0	0.0	0.0	0.0	0.0	0.0	0.0	0.0	0.0	0.0	0.0	0.00088	0.0	0.0	0.0	0.0
GGB79137	0.0	0.0	0.0	0.0	0.0	0.0	0.0	0.0	0.0	0.0	0.0	0.0	0.0	0.0	0.0	0.0	0.00078	0.49977	0.14579	0.23247	0.0
GGB79198	0.0	0.0	0.0	0.0	0.0	0.0	0.0	0.0	0.0	0.0	0.0	0.0	0.0	0.0	0.0	0.0	0.00072	0.00016	0.0	0.00496	0.0
GGB85060	0.0	0.0	0.0	0.0	0.0	0.0	0.0	0.0	0.0	0.0	0.0	0.0	0.0	0.0	0.0	0.0	0.00054	0.00041	0.00108	0.0	0.0
GGB81652	0.0	0.0	0.0	0.0	0.0	0.0	0.0	0.0	0.0	0.0	0.0	0.0	0.0	0.0	0.0	0.0	0.00052	0.00449	0.00195	0.00196	0.0
GGB79155	0.0	0.0	0.0	0.0	0.0	0.0	0.0	0.0	0.0	0.0	0.0	0.0	0.0	0.0	0.0	0.0	0.00049	0.0063	0.00256	0.00192	0.0
GGB79144	0.0	0.0	0.0	0.0	0.0	0.0	0.0	0.0	0.0	0.0	0.0	0.0	0.0	0.0	0.0	0.0	0.00044	0.0	0.0	0.0	0.0
GGB51338	0.0	0.0	0.0	0.0	0.0	0.0	0.0	0.0	0.0	0.0	0.0	0.0	0.0	0.0	0.0	0.0	0.00032	0.0	0.0	0.0	0.0
GGB79065	0.0	0.0	0.0	0.0	0.0	0.0	0.0	0.0	0.0	0.0	0.0	0.0	0.0	0.0	0.0	0.0	0.00032	0.03172	0.0	0.00184	0.0
GGB79100	0.0	0.0	0.0	0.0	0.0	0.0	0.0	0.0	0.0	0.0	0.0	0.0	0.0	0.0	0.0	0.0	0.0003	0.0	0.0	0.0	0.0
Actinobaculum	0.0	0.0	0.0	0.0	0.0	0.0	0.0	0.0	0.0	0.0	0.0	0.0	0.0	0.0	0.0	0.0	0.00027	0.00069	0.0001	0.0	0.0
GGB82402	0.0	0.0	0.0	0.0	0.0	0.0	0.0	0.0	0.0	0.0	0.0	0.0	0.0	0.0	0.0	0.0	9e-05	0.0	0.00069	0.00202	0.0
GGB77040	0.0	0.0	0.0	0.0	0.0	0.0	0.0	0.0	0.0	0.0	0.0	0.0	0.0	0.0	0.0	0.0	0.0	8.25632	0.26829	3.06204	0.0
GGB81839	0.0	0.0	0.0	0.0	0.0	0.0	0.0	0.0	0.0	0.0	0.0	0.0	0.0	0.0	0.0	0.0	0.0	6.4015	2.31361	0.04948	0.0
GGB82399	0.0	0.0	0.0	0.0	0.0	0.0	0.0	0.0	0.0	0.0	0.0	0.0	0.0	0.0	0.0	0.0	0.0	2.23256	0.0	0.0	0.0
GGB70890	0.0	0.0	0.0	0.0	0.0	0.0	0.0	0.0	0.0	0.0	0.0	0.0	0.0	0.0	0.0	0.0	0.0	2.06555	3.81886	2.21259	0.0
GGB141845	0.0	0.0	0.0	0.0	0.0	0.0	0.0	0.0	0.0	0.0	0.0	0.0	0.0	0.0	0.0	0.0	0.0	0.88118	0.53916	0.08267	0.0
GGB82281	0.0	0.0	0.0	0.0	0.0	0.0	0.0	0.0	0.0	0.0	0.0	0.0	0.0	0.0	0.0	0.0	0.0	0.85771	0.16365	0.0	0.0
GGB84122	0.0	0.0	0.0	0.0	0.0	0.0	0.0	0.0	0.0	0.0	0.0	0.0	0.0	0.0	0.0	0.0	0.0	0.81914	0.01222	0.15536	0.0
GGB70937	0.0	0.0	0.0	0.0	0.0	0.0	0.0	0.0	0.0	0.0	0.0	0.0	0.0	0.0	0.0	0.0	0.0	0.70299	0.16287	2.29319	0.0
GGB3207	0.0	0.0	0.0	0.0	0.0	0.0	0.0	0.0	0.0	0.0	0.0	0.0	0.0	0.0	0.0	0.0	0.0	0.68853	0.03711	0.00233	0.0
GGB82383	0.0	0.0	0.0	0.0	0.0	0.0	0.0	0.0	0.0	0.0	0.0	0.0	0.0	0.0	0.0	0.0	0.0	0.59363	0.0	0.06255	0.0
GGB33322	0.0	0.0	0.0	0.0	0.0	0.0	0.0	0.0	0.0	0.0	0.0	0.0	0.0	0.0	0.0	0.0	0.0	0.58944	0.05575	0.0	0.0
GGB84015	0.0	0.0	0.0	0.0	0.0	0.0	0.0	0.0	0.0	0.0	0.0	0.0	0.0	0.0	0.0	0.0	0.0	0.51802	0.0	0.06183	0.0
GGB56391	0.0	0.0	0.0	0.0	0.0	0.0	0.0	0.0	0.0	0.0	0.0	0.0	0.0	0.0	0.0	0.0	0.0	0.48086	1.74616	0.03989	0.0
GGB56389	0.0	0.0	0.0	0.0	0.0	0.0	0.0	0.0	0.0	0.0	0.0	0.0	0.0	0.0	0.0	0.0	0.0	0.43963	3.2422	0.1167	0.0
GGB74655	0.0	0.0	0.0	0.0	0.0	0.0	0.0	0.0	0.0	0.0	0.0	0.0	0.0	0.0	0.0	0.0	0.0	0.36925	0.24854	0.21049	0.0
GGB58292	0.0	0.0	0.0	0.0	0.0	0.0	0.0	0.0	0.0	0.0	0.0	0.0	0.0	0.0	0.0	0.0	0.0	0.30549	0.19766	0.03327	0.0
GGB84170	0.0	0.0	0.0	0.0	0.0	0.0	0.0	0.0	0.0	0.0	0.0	0.0	0.0	0.0	0.0	0.0	0.0	0.28307	0.05867	0.0	0.0
GGB76866	0.0	0.0	0.0	0.0	0.0	0.0	0.0	0.0	0.0	0.0	0.0	0.0	0.0	0.0	0.0	0.0	0.0	0.24052	0.14559	0.19453	0.0
GGB41963	0.0	0.0	0.0	0.0	0.0	0.0	0.0	0.0	0.0	0.0	0.0	0.0	0.0	0.0	0.0	0.0	0.0	0.2062	0.00394	0.00988	0.0
GGB56402	0.0	0.0	0.0	0.0	0.0	0.0	0.0	0.0	0.0	0.0	0.0	0.0	0.0	0.0	0.0	0.0	0.0	0.17851	0.25094	0.24621	0.0
GGB101723	0.0	0.0	0.0	0.0	0.0	0.0	0.0	0.0	0.0	0.0	0.0	0.0	0.0	0.0	0.0	0.0	0.0	0.11889	0.0	0.0	0.0
GGB84112	0.0	0.0	0.0	0.0	0.0	0.0	0.0	0.0	0.0	0.0	0.0	0.0	0.0	0.0	0.0	0.0	0.0	0.11055	0.0183	0.00484	0.0
GGB83992	0.0	0.0	0.0	0.0	0.0	0.0	0.0	0.0	0.0	0.0	0.0	0.0	0.0	0.0	0.0	0.0	0.0	0.09804	0.01696	0.0	0.0
GGB9179	0.0	0.0	0.0	0.0	0.0	0.0	0.0	0.0	0.0	0.0	0.0	0.0	0.0	0.0	0.0	0.0	0.0	0.0967	0.03558	0.70043	0.0
GGB30314	0.0	0.0	0.0	0.0	0.0	0.0	0.0	0.0	0.0	0.0	0.0	0.0	0.0	0.0	0.0	0.0	0.0	0.08939	0.01796	0.0	0.0
GGB76403	0.0	0.0	0.0	0.0	0.0	0.0	0.0	0.0	0.0	0.0	0.0	0.0	0.0	0.0	0.0	0.0	0.0	0.08402	0.05792	0.11997	0.0
GGB58285	0.0	0.0	0.0	0.0	0.0	0.0	0.0	0.0	0.0	0.0	0.0	0.0	0.0	0.0	0.0	0.0	0.0	0.08385	0.0	0.0	0.0
GGB68830	0.0	0.0	0.0	0.0	0.0	0.0	0.0	0.0	0.0	0.0	0.0	0.0	0.0	0.0	0.0	0.0	0.0	0.06984	0.02906	0.03551	0.0
GGB86289	0.0	0.0	0.0	0.0	0.0	0.0	0.0	0.0	0.0	0.0	0.0	0.0	0.0	0.0	0.0	0.0	0.0	0.0632	0.00394	0.00834	0.0
GGB59056	0.0	0.0	0.0	0.0	0.0	0.0	0.0	0.0	0.0	0.0	0.0	0.0	0.0	0.0	0.0	0.0	0.0	0.06268	0.00221	0.0	0.0
GGB78699	0.0	0.0	0.0	0.0	0.0	0.0	0.0	0.0	0.0	0.0	0.0	0.0	0.0	0.0	0.0	0.0	0.0	0.05003	0.01778	0.00663	0.0
GGB68831	0.0	0.0	0.0	0.0	0.0	0.0	0.0	0.0	0.0	0.0	0.0	0.0	0.0	0.0	0.0	0.0	0.0	0.0461	0.07206	0.02484	0.0
GGB58295	0.0	0.0	0.0	0.0	0.0	0.0	0.0	0.0	0.0	0.0	0.0	0.0	0.0	0.0	0.0	0.0	0.0	0.0343	0.0	0.0	0.0
GGB84401	0.0	0.0	0.0	0.0	0.0	0.0	0.0	0.0	0.0	0.0	0.0	0.0	0.0	0.0	0.0	0.0	0.0	0.02719	0.0	0.0	0.0
GGB79028	0.0	0.0	0.0	0.0	0.0	0.0	0.0	0.0	0.0	0.0	0.0	0.0	0.0	0.0	0.0	0.0	0.0	0.0251	0.01584	0.00608	0.0
GGB114417	0.0	0.0	0.0	0.0	0.0	0.0	0.0	0.0	0.0	0.0	0.0	0.0	0.0	0.0	0.0	0.0	0.0	0.02306	0.0015	0.0	0.0
GGB58331	0.0	0.0	0.0	0.0	0.0	0.0	0.0	0.0	0.0	0.0	0.0	0.0	0.0	0.0	0.0	0.0	0.0	0.02049	0.11999	0.02814	0.0
GGB83990	0.0	0.0	0.0	0.0	0.0	0.0	0.0	0.0	0.0	0.0	0.0	0.0	0.0	0.0	0.0	0.0	0.0	0.01745	0.0021	0.0	0.0
GGB78754	0.0	0.0	0.0	0.0	0.0	0.0	0.0	0.0	0.0	0.0	0.0	0.0	0.0	0.0	0.0	0.0	0.0	0.01218	0.0	0.0	0.0
GGB83278	0.0	0.0	0.0	0.0	0.0	0.0	0.0	0.0	0.0	0.0	0.0	0.0	0.0	0.0	0.0	0.0	0.0	0.01065	0.03311	0.11823	0.0
GGB87324	0.0	0.0	0.0	0.0	0.0	0.0	0.0	0.0	0.0	0.0	0.0	0.0	0.0	0.0	0.0	0.0	0.0	0.00857	0.10211	0.05182	0.0
GGB70257	0.0	0.0	0.0	0.0	0.0	0.0	0.0	0.0	0.0	0.0	0.0	0.0	0.0	0.0	0.0	0.0	0.0	0.00784	0.0	0.0	0.0
Propionibacterium	0.0	0.0	0.0	0.0	0.0	0.0	0.0	0.0	0.0	0.0	0.0	0.0	0.0	0.0	0.0	0.0	0.0	0.00725	0.02118	0.0	0.0
GGB85849	0.0	0.0	0.0	0.0	0.0	0.0	0.0	0.0	0.0	0.0	0.0	0.0	0.0	0.0	0.0	0.0	0.0	0.00699	0.00437	0.0	0.0
GGB58282	0.0	0.0	0.0	0.0	0.0	0.0	0.0	0.0	0.0	0.0	0.0	0.0	0.0	0.0	0.0	0.0	0.0	0.00667	0.02542	0.0	0.0
GGB85621	0.0	0.0	0.0	0.0	0.0	0.0	0.0	0.0	0.0	0.0	0.0	0.0	0.0	0.0	0.0	0.0	0.0	0.00629	0.01869	0.00111	0.0
GGB100605	0.0	0.0	0.0	0.0	0.0	0.0	0.0	0.0	0.0	0.0	0.0	0.0	0.0	0.0	0.0	0.0	0.0	0.00522	0.0	0.34296	0.0
GGB79221	0.0	0.0	0.0	0.0	0.0	0.0	0.0	0.0	0.0	0.0	0.0	0.0	0.0	0.0	0.0	0.0	0.0	0.00495	0.0	0.00054	0.0
GGB25617	0.0	0.0	0.0	0.0	0.0	0.0	0.0	0.0	0.0	0.0	0.0	0.0	0.0	0.0	0.0	0.0	0.0	0.00491	0.0	0.0	0.0
GGB79189	0.0	0.0	0.0	0.0	0.0	0.0	0.0	0.0	0.0	0.0	0.0	0.0	0.0	0.0	0.0	0.0	0.0	0.00443	0.00185	0.0	0.0
GGB58146	0.0	0.0	0.0	0.0	0.0	0.0	0.0	0.0	0.0	0.0	0.0	0.0	0.0	0.0	0.0	0.0	0.0	0.0038	0.0	0.0	0.0
GGB79175	0.0	0.0	0.0	0.0	0.0	0.0	0.0	0.0	0.0	0.0	0.0	0.0	0.0	0.0	0.0	0.0	0.0	0.00368	0.00014	0.0074	0.0
Lachnospira	0.0	0.0	0.0	0.0	0.0	0.0	0.0	0.0	0.0	0.0	0.0	0.0	0.0	0.0	0.0	0.0	0.0	0.00361	0.0	0.00762	0.0
GGB12699	0.0	0.0	0.0	0.0	0.0	0.0	0.0	0.0	0.0	0.0	0.0	0.0	0.0	0.0	0.0	0.0	0.0	0.00333	0.0	0.0	0.0
GGB70579	0.0	0.0	0.0	0.0	0.0	0.0	0.0	0.0	0.0	0.0	0.0	0.0	0.0	0.0	0.0	0.0	0.0	0.00321	9e-05	0.0	0.0
GGB87253	0.0	0.0	0.0	0.0	0.0	0.0	0.0	0.0	0.0	0.0	0.0	0.0	0.0	0.0	0.0	0.0	0.0	0.00314	0.0	0.0	0.0
GGB83841	0.0	0.0	0.0	0.0	0.0	0.0	0.0	0.0	0.0	0.0	0.0	0.0	0.0	0.0	0.0	0.0	0.0	0.00269	0.00321	0.09773	0.0
GGB79143	0.0	0.0	0.0	0.0	0.0	0.0	0.0	0.0	0.0	0.0	0.0	0.0	0.0	0.0	0.0	0.0	0.0	0.00205	0.00109	0.0	0.0
GGB25215	0.0	0.0	0.0	0.0	0.0	0.0	0.0	0.0	0.0	0.0	0.0	0.0	0.0	0.0	0.0	0.0	0.0	0.00193	0.0	0.0	0.0
Denitrobacterium	0.0	0.0	0.0	0.0	0.0	0.0	0.0	0.0	0.0	0.0	0.0	0.0	0.0	0.0	0.0	0.0	0.0	0.00163	0.00273	0.0	0.0
GGB70773	0.0	0.0	0.0	0.0	0.0	0.0	0.0	0.0	0.0	0.0	0.0	0.0	0.0	0.0	0.0	0.0	0.0	0.00156	0.00863	0.00577	0.0
GGB79180	0.0	0.0	0.0	0.0	0.0	0.0	0.0	0.0	0.0	0.0	0.0	0.0	0.0	0.0	0.0	0.0	0.0	0.00152	0.0	0.00012	0.0
GGB101972	0.0	0.0	0.0	0.0	0.0	0.0	0.0	0.0	0.0	0.0	0.0	0.0	0.0	0.0	0.0	0.0	0.0	0.00129	0.00063	0.01398	0.0
GGB87169	0.0	0.0	0.0	0.0	0.0	0.0	0.0	0.0	0.0	0.0	0.0	0.0	0.0	0.0	0.0	0.0	0.0	0.00094	0.04898	0.01136	0.0
GGB86257	0.0	0.0	0.0	0.0	0.0	0.0	0.0	0.0	0.0	0.0	0.0	0.0	0.0	0.0	0.0	0.0	0.0	0.00072	0.0	0.0	0.0
GGB56467	0.0	0.0	0.0	0.0	0.0	0.0	0.0	0.0	0.0	0.0	0.0	0.0	0.0	0.0	0.0	0.0	0.0	0.00038	0.03105	0.34646	0.0
GGB81674	0.0	0.0	0.0	0.0	0.0	0.0	0.0	0.0	0.0	0.0	0.0	0.0	0.0	0.0	0.0	0.0	0.0	0.00016	0.00043	0.00075	0.0
GGB78741	0.0	0.0	0.0	0.0	0.0	0.0	0.0	0.0	0.0	0.0	0.0	0.0	0.0	0.0	0.0	0.0	0.0	0.00015	0.0	0.0	0.0
Pseudobutyrivibrio	0.0	0.0	0.0	0.0	0.0	0.0	0.0	0.0	0.0	0.0	0.0	0.0	0.0	0.0	0.0	0.0	0.0	0.00011	0.0	0.0	0.0
GGB56001	0.0	0.0	0.0	0.0	0.0	0.0	0.0	0.0	0.0	0.0	0.0	0.0	0.0	0.0	0.0	0.0	0.0	7e-05	0.0	0.0	0.0
GGB81902	0.0	0.0	0.0	0.0	0.0	0.0	0.0	0.0	0.0	0.0	0.0	0.0	0.0	0.0	0.0	0.0	0.0	0.0	13.97916	29.52989	0.0
GGB81857	0.0	0.0	0.0	0.0	0.0	0.0	0.0	0.0	0.0	0.0	0.0	0.0	0.0	0.0	0.0	0.0	0.0	0.0	13.78872	10.77726	0.0
GGB82282	0.0	0.0	0.0	0.0	0.0	0.0	0.0	0.0	0.0	0.0	0.0	0.0	0.0	0.0	0.0	0.0	0.0	0.0	2.79268	0.00479	0.0
GGB81836	0.0	0.0	0.0	0.0	0.0	0.0	0.0	0.0	0.0	0.0	0.0	0.0	0.0	0.0	0.0	0.0	0.0	0.0	2.51768	0.0	0.0
GGB78719	0.0	0.0	0.0	0.0	0.0	0.0	0.0	0.0	0.0	0.0	0.0	0.0	0.0	0.0	0.0	0.0	0.0	0.0	1.62695	0.08124	0.0
GGB70708	0.0	0.0	0.0	0.0	0.0	0.0	0.0	0.0	0.0	0.0	0.0	0.0	0.0	0.0	0.0	0.0	0.0	0.0	0.84362	0.0	0.0
GGB82159	0.0	0.0	0.0	0.0	0.0	0.0	0.0	0.0	0.0	0.0	0.0	0.0	0.0	0.0	0.0	0.0	0.0	0.0	0.12572	0.0	0.0
GGB81699	0.0	0.0	0.0	0.0	0.0	0.0	0.0	0.0	0.0	0.0	0.0	0.0	0.0	0.0	0.0	0.0	0.0	0.0	0.09014	0.1499	0.0
GGB85090	0.0	0.0	0.0	0.0	0.0	0.0	0.0	0.0	0.0	0.0	0.0	0.0	0.0	0.0	0.0	0.0	0.0	0.0	0.08589	0.28666	0.0
GGB84066	0.0	0.0	0.0	0.0	0.0	0.0	0.0	0.0	0.0	0.0	0.0	0.0	0.0	0.0	0.0	0.0	0.0	0.0	0.0609	0.49719	0.0
GGB79043	0.0	0.0	0.0	0.0	0.0	0.0	0.0	0.0	0.0	0.0	0.0	0.0	0.0	0.0	0.0	0.0	0.0	0.0	0.05309	0.0	0.0
GGB83496	0.0	0.0	0.0	0.0	0.0	0.0	0.0	0.0	0.0	0.0	0.0	0.0	0.0	0.0	0.0	0.0	0.0	0.0	0.0243	0.00306	0.0
GGB83876	0.0	0.0	0.0	0.0	0.0	0.0	0.0	0.0	0.0	0.0	0.0	0.0	0.0	0.0	0.0	0.0	0.0	0.0	0.02233	0.0	0.0
GGB85672	0.0	0.0	0.0	0.0	0.0	0.0	0.0	0.0	0.0	0.0	0.0	0.0	0.0	0.0	0.0	0.0	0.0	0.0	0.01447	0.00727	0.0
GGB58235	0.0	0.0	0.0	0.0	0.0	0.0	0.0	0.0	0.0	0.0	0.0	0.0	0.0	0.0	0.0	0.0	0.0	0.0	0.01432	0.01088	0.0
GGB79279	0.0	0.0	0.0	0.0	0.0	0.0	0.0	0.0	0.0	0.0	0.0	0.0	0.0	0.0	0.0	0.0	0.0	0.0	0.01119	0.0	0.0
GGB70730	0.0	0.0	0.0	0.0	0.0	0.0	0.0	0.0	0.0	0.0	0.0	0.0	0.0	0.0	0.0	0.0	0.0	0.0	0.00416	0.04175	0.0
GGB84087	0.0	0.0	0.0	0.0	0.0	0.0	0.0	0.0	0.0	0.0	0.0	0.0	0.0	0.0	0.0	0.0	0.0	0.0	0.0037	0.0	0.0
GGB100853	0.0	0.0	0.0	0.0	0.0	0.0	0.0	0.0	0.0	0.0	0.0	0.0	0.0	0.0	0.0	0.0	0.0	0.0	0.00173	0.01514	0.0
GGB87511	0.0	0.0	0.0	0.0	0.0	0.0	0.0	0.0	0.0	0.0	0.0	0.0	0.0	0.0	0.0	0.0	0.0	0.0	0.00173	0.0	0.0
GGB86591	0.0	0.0	0.0	0.0	0.0	0.0	0.0	0.0	0.0	0.0	0.0	0.0	0.0	0.0	0.0	0.0	0.0	0.0	0.00139	0.0	0.0
GGB79232	0.0	0.0	0.0	0.0	0.0	0.0	0.0	0.0	0.0	0.0	0.0	0.0	0.0	0.0	0.0	0.0	0.0	0.0	0.00077	0.00132	0.0
GGB79281	0.0	0.0	0.0	0.0	0.0	0.0	0.0	0.0	0.0	0.0	0.0	0.0	0.0	0.0	0.0	0.0	0.0	0.0	0.00031	0.0	0.0
GGB82782	0.0	0.0	0.0	0.0	0.0	0.0	0.0	0.0	0.0	0.0	0.0	0.0	0.0	0.0	0.0	0.0	0.0	0.0	0.0	0.24552	0.0
GGB79134	0.0	0.0	0.0	0.0	0.0	0.0	0.0	0.0	0.0	0.0	0.0	0.0	0.0	0.0	0.0	0.0	0.0	0.0	0.0	0.13426	0.0
GGB70615	0.0	0.0	0.0	0.0	0.0	0.0	0.0	0.0	0.0	0.0	0.0	0.0	0.0	0.0	0.0	0.0	0.0	0.0	0.0	0.10688	0.0
GGB84070	0.0	0.0	0.0	0.0	0.0	0.0	0.0	0.0	0.0	0.0	0.0	0.0	0.0	0.0	0.0	0.0	0.0	0.0	0.0	0.09945	0.0
GGB81676	0.0	0.0	0.0	0.0	0.0	0.0	0.0	0.0	0.0	0.0	0.0	0.0	0.0	0.0	0.0	0.0	0.0	0.0	0.0	0.09697	0.0
GGB87070	0.0	0.0	0.0	0.0	0.0	0.0	0.0	0.0	0.0	0.0	0.0	0.0	0.0	0.0	0.0	0.0	0.0	0.0	0.0	0.035	0.0
GGB39764	0.0	0.0	0.0	0.0	0.0	0.0	0.0	0.0	0.0	0.0	0.0	0.0	0.0	0.0	0.0	0.0	0.0	0.0	0.0	0.02297	0.0
GGB82540	0.0	0.0	0.0	0.0	0.0	0.0	0.0	0.0	0.0	0.0	0.0	0.0	0.0	0.0	0.0	0.0	0.0	0.0	0.0	0.01661	0.0
GGB59066	0.0	0.0	0.0	0.0	0.0	0.0	0.0	0.0	0.0	0.0	0.0	0.0	0.0	0.0	0.0	0.0	0.0	0.0	0.0	0.01537	0.0
GGB78598	0.0	0.0	0.0	0.0	0.0	0.0	0.0	0.0	0.0	0.0	0.0	0.0	0.0	0.0	0.0	0.0	0.0	0.0	0.0	0.01129	0.0
GGB143513	0.0	0.0	0.0	0.0	0.0	0.0	0.0	0.0	0.0	0.0	0.0	0.0	0.0	0.0	0.0	0.0	0.0	0.0	0.0	0.00604	0.0
GGB13198	0.0	0.0	0.0	0.0	0.0	0.0	0.0	0.0	0.0	0.0	0.0	0.0	0.0	0.0	0.0	0.0	0.0	0.0	0.0	0.00332	0.0
GGB84487	0.0	0.0	0.0	0.0	0.0	0.0	0.0	0.0	0.0	0.0	0.0	0.0	0.0	0.0	0.0	0.0	0.0	0.0	0.0	0.00173	0.0
GGB70883	0.0	0.0	0.0	0.0	0.0	0.0	0.0	0.0	0.0	0.0	0.0	0.0	0.0	0.0	0.0	0.0	0.0	0.0	0.0	0.00153	0.0
GGB84782	0.0	0.0	0.0	0.0	0.0	0.0	0.0	0.0	0.0	0.0	0.0	0.0	0.0	0.0	0.0	0.0	0.0	0.0	0.0	0.00145	0.0
GGB79235	0.0	0.0	0.0	0.0	0.0	0.0	0.0	0.0	0.0	0.0	0.0	0.0	0.0	0.0	0.0	0.0	0.0	0.0	0.0	0.00097	0.0
GGB86567	0.0	0.0	0.0	0.0	0.0	0.0	0.0	0.0	0.0	0.0	0.0	0.0	0.0	0.0	0.0	0.0	0.0	0.0	0.0	0.00033	0.0
